node,graph_name,node_type,label
user::hassan_sowkath,user_network,user,Hassan Sowkath
user::mohammed_nayeem,user_network,user,Mohammed Nayeem
user::mukilan_s,user_network,user,Mukilan S
user::pooshan_d,user_network,user,Pooshan D
user::shotsby_senthil,user_network,user,Shotsby Senthil
user::beardless_tripy_venkateshprasath,user_network,user,Beardless Tripy Venkateshprasath
user::gowri_shankar,user_network,user,Gowri Shankar
user::pooja_devi,user_network,user,Pooja Devi
user::saravanan_manohar,user_network,user,Saravanan Manohar
user::stella_sharon,user_network,user,Stella Sharon
user::athulya_vijayan,user_network,user,Athulya Vijayan
user::hari_trivedi,user_network,user,Hari Trivedi
user::raghu_b,user_network,user,Raghu B
user::raj_p,user_network,user,Raj P
user::ramesh_kumar,user_network,user,Ramesh Kumar
user::akhilesh_prajapati,user_network,user,Akhilesh Prajapati
user::narayanamurthy_subramanian,user_network,user,Narayanamurthy Subramanian
user::shibin_as,user_network,user,Shibin As
user::abhishek_anil,user_network,user,Abhishek Anil
user::senthil_kumar_manickam,user_network,user,Senthil Kumar Manickam
user::sesha_srinivasa_murthy_putrevu,user_network,user,Sesha Srinivasa Murthy Putrevu
user::shravan_srinivasan,user_network,user,Shravan Srinivasan
user::subrata_b,user_network,user,Subrata B
user::pratheesh_harish,user_network,user,Pratheesh Harish
user::rijas_galleria,user_network,user,Rijas Galleria
user::sarath_kumar_s,user_network,user,Sarath Kumar S
user::kannan_ramachandran,user_network,user,Kannan Ramachandran
user::ramchandar_umasankar,user_network,user,Ramchandar Umasankar
user::smruthi_vinayak_rengan,user_network,user,Smruthi Vinayak Rengan
user::srivenkatbabu_sinnasami,user_network,user,Srivenkatbabu Sinnasami
user::starlet_esther,user_network,user,Starlet Esther
user::anu,user_network,user,Anu
user::g_t_g,user_network,user,G T G
user::ganesh_m,user_network,user,Ganesh M
user::chitra_murali,user_network,user,Chitra Murali
user::rahul_s,user_network,user,Rahul S
user::sathishkumar_balakrishnan,user_network,user,Sathishkumar Balakrishnan
user::venkat,user_network,user,Venkat
user::gayathri_shri_kashyap,user_network,user,Gayathri Shri Kashyap
user::haston_kumar,user_network,user,Haston Kumar
user::prem_kumar,user_network,user,Prem Kumar
user::sajin_shereef,user_network,user,Sajin Shereef
user::snabak_vinod_aj,user_network,user,Snabak Vinod Aj
user::aravind_r_chandran,user_network,user,Aravind R Chandran
user::blessy_babu,user_network,user,Blessy Babu
user::greewin_mathew,user_network,user,Greewin Mathew
user::joshith_jacob,user_network,user,Joshith Jacob
user::anupam_purbey,user_network,user,Anupam Purbey
user::devarshi_raj,user_network,user,Devarshi Raj
user::dr_kartik_bhadra,user_network,user,Dr Kartik Bhadra
user::neelesh_panchal,user_network,user,Neelesh Panchal
user::santhosh_sankaran,user_network,user,Santhosh Sankaran
user::abid_suhail,user_network,user,Abid Suhail
user::nari_soundarrajan,user_network,user,Nari Soundarrajan
user::naveen_ks,user_network,user,Naveen Ks
user::sethu_n,user_network,user,Sethu N
user::subhra_kar,user_network,user,Subhra Kar
user::aneesh_va,user_network,user,Aneesh Va
user::arjun_siva,user_network,user,Arjun Siva
user::gayathri,user_network,user,Gayathri
user::nitin,user_network,user,Nitin
user::sukesh_s,user_network,user,Sukesh S
user::dr_p_j_george,user_network,user,Dr P J George
user::govardhan_s,user_network,user,Govardhan S
user::prajjawal_sharma,user_network,user,Prajjawal Sharma
user::sreekrishnan_a_s,user_network,user,Sreekrishnan A S
user::viswas_koundinyan_g,user_network,user,Viswas Koundinyan G
user::ganesan_t,user_network,user,Ganesan T
user::journey_with_dds___vlog,user_network,user,Journey With Dds   Vlog
user::seenivasan_ramasamy,user_network,user,Seenivasan Ramasamy
user::thangavelu_arun_kumar,user_network,user,Thangavelu Arun Kumar
user::travel_paithiyam,user_network,user,Travel Paithiyam
user::aishu_v,user_network,user,Aishu V
user::kader_sulaiman,user_network,user,Kader Sulaiman
user::nomadic_shutter,user_network,user,Nomadic Shutter
user::sahil_m,user_network,user,Sahil M
user::somnath_m,user_network,user,Somnath M
user::lithisha,user_network,user,Lithisha
user::praveen_gopalan,user_network,user,Praveen Gopalan
user::premz_view,user_network,user,Premz View
user::shamini_kiruba,user_network,user,Shamini Kiruba
user::suresh_perumal,user_network,user,Suresh Perumal
user::abhishek_yadav,user_network,user,Abhishek Yadav
user::jai_prakash_nain,user_network,user,Jai Prakash Nain
user::jeyaram_d,user_network,user,Jeyaram D
user::krishnamurthy_i,user_network,user,Krishnamurthy I
user::prakash_photography_tvmalai,user_network,user,Prakash Photography Tvmalai
user::jose_wesley,user_network,user,Jose Wesley
user::kaarthikeyan,user_network,user,Kaarthikeyan
user::karthik_velmurugan,user_network,user,Karthik Velmurugan
user::sabari_nathan,user_network,user,Sabari Nathan
user::sathya_raghu,user_network,user,Sathya Raghu
user::arunkumar_thangasamy,user_network,user,Arunkumar Thangasamy
user::jenifer_julie,user_network,user,Jenifer Julie
user::nazeer_hussain__ஒண_ட_ப_ல,user_network,user,Nazeer Hussain  ஒண ட ப ல
user::praise_by_andria_gracious,user_network,user,Praise By Andria Gracious
user::surya_k,user_network,user,Surya K
user::046_venkatesh_m_k,user_network,user,046 Venkatesh M K
user::athul_jeev,user_network,user,Athul Jeev
user::rakesh_s,user_network,user,Rakesh S
user::suresh_jesu,user_network,user,Suresh Jesu
user::vinoth_kumar,user_network,user,Vinoth Kumar
user::abdul_rahman,user_network,user,Abdul Rahman
user::arunprasath_m,user_network,user,Arunprasath M
user::dr__ramamoorthy_ramu,user_network,user,Dr  Ramamoorthy Ramu
user::kathiravan_piramuthu,user_network,user,Kathiravan Piramuthu
user::sakthi_prabhu,user_network,user,Sakthi Prabhu
user::anfas_salim,user_network,user,Anfas Salim
user::anoop_kamal,user_network,user,Anoop Kamal
user::dark_wizard,user_network,user,Dark Wizard
user::sree_kumar_a,user_network,user,Sree Kumar A
user::adv__a_v_avijith,user_network,user,Adv  A V Avijith
user::anilkumar_mk,user_network,user,Anilkumar Mk
user::arjuka,user_network,user,Arjuka
user::shibin_s_s,user_network,user,Shibin S S
user::shibu_shibs,user_network,user,Shibu Shibs
user::abdul_ajeeze,user_network,user,Abdul Ajeeze
user::kasi_rajan,user_network,user,Kasi Rajan
user::maragatham_j,user_network,user,Maragatham J
user::saravanan_v,user_network,user,Saravanan V
user::world_of_mathematics,user_network,user,World Of Mathematics
user::aswin_maxwrist,user_network,user,Aswin Maxwrist
user::beryl_rose,user_network,user,Beryl Rose
user::govind_k,user_network,user,Govind K
user::nithish_narayanan,user_network,user,Nithish Narayanan
user::sivashankar_r,user_network,user,Sivashankar R
user::david_viniston,user_network,user,David Viniston
user::divya_krishnan,user_network,user,Divya Krishnan
user::prakash_kumar,user_network,user,Prakash Kumar
user::ramesh_sundarrajan,user_network,user,Ramesh Sundarrajan
user::senthil_kumar,user_network,user,Senthil Kumar
user::kumaresan_lakshmanan,user_network,user,Kumaresan Lakshmanan
user::shyam_sundar,user_network,user,Shyam Sundar
user::yuva_ranjitha,user_network,user,Yuva Ranjitha
user::dinesh_e,user_network,user,Dinesh E
user::selva_selva,user_network,user,Selva Selva
user::writer_and_traveller,user_network,user,Writer And Traveller
user::ச_ர_ந_தர__க_ம_ர,user_network,user,ச ர ந தர  க ம ர
user::adarsh_a,user_network,user,Adarsh A
user::adarsh_p_deep,user_network,user,Adarsh P Deep
user::cradby_cruizer,user_network,user,Cradby Cruizer
user::josh_11,user_network,user,Josh 11
user::sreenath,user_network,user,Sreenath
user::abhishek_vijayan,user_network,user,Abhishek Vijayan
user::bharani_t,user_network,user,Bharani T
user::karthick,user_network,user,Karthick
user::prakash_ntk,user_network,user,Prakash Ntk
user::praveen_kumar_raja,user_network,user,Praveen Kumar Raja
user::deepak_s,user_network,user,Deepak S
user::mohammad_muneeb,user_network,user,Mohammad Muneeb
user::nidhin_kumar,user_network,user,Nidhin Kumar
user::sajin_murali,user_network,user,Sajin Murali
user::vishnupriya_v,user_network,user,Vishnupriya V
user::george_arunsowriraj,user_network,user,George Arunsowriraj
user::mohammed_saabiq,user_network,user,Mohammed Saabiq
user::sathya_sachinism,user_network,user,Sathya Sachinism
user::velayutham_raja,user_network,user,Velayutham Raja
user::azhar_muhammed,user_network,user,Azhar Muhammed
user::insane_alastor,user_network,user,Insane Alastor
user::manjunatha_balakrishna,user_network,user,Manjunatha Balakrishna
user::vigneshwaran_santharam,user_network,user,Vigneshwaran Santharam
user::vishnu_kala,user_network,user,Vishnu Kala
user::balaji_gunasekaran,user_network,user,Balaji Gunasekaran
user::raja,user_network,user,Raja
user::selvin_navaraj,user_network,user,Selvin Navaraj
user::subash,user_network,user,Subash
user::venkatraman_srinivasan,user_network,user,Venkatraman Srinivasan
user::anandtvl,user_network,user,Anandtvl
user::bala,user_network,user,Bala
user::joice_thinakaran,user_network,user,Joice Thinakaran
user::nirmalkumar_r,user_network,user,Nirmalkumar R
user::wow_farm_house,user_network,user,Wow Farm House
user::divya_premsankar,user_network,user,Divya Premsankar
user::r_a_h_u_l_k_u_m_a_r,user_network,user,R A H U L K U M A R
user::rahul_vs,user_network,user,Rahul Vs
user::sabari_nath_harshan_nair,user_network,user,Sabari Nath Harshan Nair
user::vighnesh_syam,user_network,user,Vighnesh Syam
user::muhammed_shah,user_network,user,Muhammed Shah
user::navin_natarajan,user_network,user,Navin Natarajan
user::pranav_mohan_das,user_network,user,Pranav Mohan Das
user::shaiju_nazeer,user_network,user,Shaiju Nazeer
user::vijith_uzhamalakkal,user_network,user,Vijith Uzhamalakkal
user::adaikal,user_network,user,Adaikal
user::senthil_murugan,user_network,user,Senthil Murugan
user::sheela_v,user_network,user,Sheela V
user::sorna_r_shankar,user_network,user,Sorna R Shankar
user::vijaya_ks,user_network,user,Vijaya Ks
user::abhimanyu_k_r,user_network,user,Abhimanyu K R
user::prasanth_t_yadav,user_network,user,Prasanth T Yadav
user::sarath_sasi,user_network,user,Sarath Sasi
user::sreehari_v_bhoopesh,user_network,user,Sreehari V Bhoopesh
user::unnikrishnan,user_network,user,Unnikrishnan
user::biju_r,user_network,user,Biju R
user::kesavan_aswin,user_network,user,Kesavan Aswin
user::legendsonly__shop,user_network,user,Legendsonly  Shop
user::santhosh_kumar,user_network,user,Santhosh Kumar
user::venkatesh_yadhav,user_network,user,Venkatesh Yadhav
user::adwaith_krishna,user_network,user,Adwaith Krishna
user::jay_ruonoht,user_network,user,Jay Ruonoht
user::meshal_joseph,user_network,user,Meshal Joseph
user::mohammed_masood,user_network,user,Mohammed Masood
user::rohith_menon,user_network,user,Rohith Menon
user::amirthaprakash_c,user_network,user,Amirthaprakash C
user::ansaf_muhammed,user_network,user,Ansaf Muhammed
user::anto_navis__techguy,user_network,user,Anto Navis  Techguy
user::ponsheela_m,user_network,user,Ponsheela M
user::mahalingam_a,user_network,user,Mahalingam A
user::mohammed_haris_rahuman_adam,user_network,user,Mohammed Haris Rahuman Adam
user::mohammed_yasin,user_network,user,Mohammed Yasin
user::sankara_narayanan,user_network,user,Sankara Narayanan
user::wahshi,user_network,user,Wahshi
user::anoop_g,user_network,user,Anoop G
user::ja,user_network,user,Ja
user::kpmmnr,user_network,user,Kpmmnr
user::r_sreeram,user_network,user,R Sreeram
user::xavier,user_network,user,Xavier
user::abey_johnsen,user_network,user,Abey Johnsen
user::parvathy_r,user_network,user,Parvathy R
user::sajikumar_js,user_network,user,Sajikumar Js
user::sreehari_s,user_network,user,Sreehari S
user::hari_sundar,user_network,user,Hari Sundar
user::jonathan_jackson,user_network,user,Jonathan Jackson
user::nlogicx,user_network,user,Nlogicx
user::ramaa_s,user_network,user,Ramaa S
user::siju_mohan,user_network,user,Siju Mohan
user::amol_mande,user_network,user,Amol Mande
user::r_venkatesan,user_network,user,R Venkatesan
user::satheesh_kumar,user_network,user,Satheesh Kumar
user::shankar_mahadevan,user_network,user,Shankar Mahadevan
user::siva_chidambaram,user_network,user,Siva Chidambaram
user::irsath_bismi,user_network,user,Irsath Bismi
user::s_p_rajasingh,user_network,user,S P Rajasingh
user::sudhakar_godwin,user_network,user,Sudhakar Godwin
user::t_srivarshan,user_network,user,T Srivarshan
user::yasar_ismail__yasar_kmr,user_network,user,Yasar Ismail  Yasar Kmr
user::muthu_kumaran,user_network,user,Muthu Kumaran
user::nandhu,user_network,user,Nandhu
user::sandhu_santhakumar,user_network,user,Sandhu Santhakumar
user::santhavel_natarajan,user_network,user,Santhavel Natarajan
user::piramanayagam_chellappa,user_network,user,Piramanayagam Chellappa
user::rishwanth_karthikeyan,user_network,user,Rishwanth Karthikeyan
user::udayan_sivaraman,user_network,user,Udayan Sivaraman
user::vimal_prashanth_molli,user_network,user,Vimal Prashanth Molli
user::abu_siddique,user_network,user,Abu Siddique
user::balaraman_ramachandran,user_network,user,Balaraman Ramachandran
user::dinesh,user_network,user,Dinesh
user::lambert_rizario,user_network,user,Lambert Rizario
user::sha_nawas,user_network,user,Sha Nawas
user::anantha_perumal,user_network,user,Anantha Perumal
user::jenil_karthick,user_network,user,Jenil Karthick
user::nathan_p,user_network,user,Nathan P
user::prabaharan_p,user_network,user,Prabaharan P
user::rajesh_kanna,user_network,user,Rajesh Kanna
user::bugra_alkan,user_network,user,Bugra Alkan
user::hari_pranav,user_network,user,Hari Pranav
user::saravanan_m,user_network,user,Saravanan M
user::vimal_kumar,user_network,user,Vimal Kumar
user::ashwin_ashwin,user_network,user,Ashwin Ashwin
user::rittu_varghese,user_network,user,Rittu Varghese
user::siva_bala,user_network,user,Siva Bala
user::vinayak_r_nair,user_network,user,Vinayak R Nair
user::yeshwanth_yeshu,user_network,user,Yeshwanth Yeshu
user::mani_kandan,user_network,user,Mani Kandan
user::ramesh_sekar,user_network,user,Ramesh Sekar
user::ratheesh_kannan,user_network,user,Ratheesh Kannan
user::akhil_raj,user_network,user,Akhil Raj
user::muhassin_ps,user_network,user,Muhassin Ps
user::nithin_sasikumar,user_network,user,Nithin Sasikumar
user::solo_traveller,user_network,user,Solo Traveller
user::amjad_v_k,user_network,user,Amjad V K
user::padmaraj_lekshminarayanan,user_network,user,Padmaraj Lekshminarayanan
user::sai_pranav,user_network,user,Sai Pranav
user::sudhir_kumar,user_network,user,Sudhir Kumar
user::xavier_augustine,user_network,user,Xavier Augustine
user::aravind_kumar,user_network,user,Aravind Kumar
user::goutham_dan,user_network,user,Goutham Dan
user::prakash_raj,user_network,user,Prakash Raj
user::r_visveswaran,user_network,user,R Visveswaran
user::v_s,user_network,user,V S
user::bharathi_k,user_network,user,Bharathi K
user::hs,user_network,user,Hs
user::kayalvizhi_g,user_network,user,Kayalvizhi G
user::nandhini_venkatesan,user_network,user,Nandhini Venkatesan
user::rajalakshmi_ramakrishnan,user_network,user,Rajalakshmi Ramakrishnan
user::nagalakshmi_r,user_network,user,Nagalakshmi R
user::richard,user_network,user,Richard
user::sanju_j_suresh,user_network,user,Sanju J Suresh
user::sathiya_selvam_t,user_network,user,Sathiya Selvam T
user::syed_sha_hussain,user_network,user,Syed Sha Hussain
user::abe_alex,user_network,user,Abe Alex
user::christian_brother,user_network,user,Christian Brother
user::karthick_sudarsan,user_network,user,Karthick Sudarsan
user::pooja_r,user_network,user,Pooja R
user::sel_vam,user_network,user,Sel Vam
user::aravind_ranganathan,user_network,user,Aravind Ranganathan
user::shuaib_sherafudheen,user_network,user,Shuaib Sherafudheen
user::tamil_trek_travel,user_network,user,Tamil Trek Travel
user::thrilokbabu_darisa,user_network,user,Thrilokbabu Darisa
user::vijayakumar_periyasamy,user_network,user,Vijayakumar Periyasamy
user::anton_antony,user_network,user,Anton Antony
user::jesu_kumar,user_network,user,Jesu Kumar
user::muthukrishnan_shenbagam,user_network,user,Muthukrishnan Shenbagam
user::shyam_anton,user_network,user,Shyam Anton
user::sylvia_anita,user_network,user,Sylvia Anita
user::derrick_f,user_network,user,Derrick F
user::karthick_baskaran,user_network,user,Karthick Baskaran
user::pradeep_b_a,user_network,user,Pradeep B A
user::vijay_r,user_network,user,Vijay R
user::vinoth_sk,user_network,user,Vinoth Sk
user::aby_mathew_rajan,user_network,user,Aby Mathew Rajan
user::akhil_thomas,user_network,user,Akhil Thomas
user::anantha_krishnan_s_s,user_network,user,Anantha Krishnan S S
user::aneesh_antony,user_network,user,Aneesh Antony
user::sanoop_suresh,user_network,user,Sanoop Suresh
user::chennaivaasi,user_network,user,Chennaivaasi
user::jamal_jaffer,user_network,user,Jamal Jaffer
user::santhoshkumar,user_network,user,Santhoshkumar
user::shakti_acharya,user_network,user,Shakti Acharya
user::j_johnson,user_network,user,J Johnson
user::raja_rs,user_network,user,Raja Rs
user::rengaraj_rengasamy,user_network,user,Rengaraj Rengasamy
user::vijay_m,user_network,user,Vijay M
user::deepika_deeps,user_network,user,Deepika Deeps
user::dineshwar_nithyanantham,user_network,user,Dineshwar Nithyanantham
user::rajavel_r,user_network,user,Rajavel R
user::saravana_kumar,user_network,user,Saravana Kumar
user::gauthaman_ar,user_network,user,Gauthaman Ar
user::sailesh_babu,user_network,user,Sailesh Babu
user::shriram,user_network,user,Shriram
user::srividhya_rajesh,user_network,user,Srividhya Rajesh
user::nadarajan_muthukumarasamy,user_network,user,Nadarajan Muthukumarasamy
user::ramakrishnan_v,user_network,user,Ramakrishnan V
user::sethu_m,user_network,user,Sethu M
user::kareem_kani,user_network,user,Kareem Kani
user::sabari_ram,user_network,user,Sabari Ram
user::shamsudeen_makthum,user_network,user,Shamsudeen Makthum
user::sudar_pillai,user_network,user,Sudar Pillai
user::vimal_m,user_network,user,Vimal M
user::esakki_raj,user_network,user,Esakki Raj
user::mani_kandan_s,user_network,user,Mani Kandan S
user::sakthivel_p,user_network,user,Sakthivel P
user::abhishek,user_network,user,Abhishek
user::aravind_r,user_network,user,Aravind R
user::deepa_rahul_easwar,user_network,user,Deepa Rahul Easwar
user::jophin,user_network,user,Jophin
user::suganya_nishanth,user_network,user,Suganya Nishanth
user::anish_sudhakaran,user_network,user,Anish Sudhakaran
user::jaison_thomas,user_network,user,Jaison Thomas
user::nabeel_ahmed,user_network,user,Nabeel Ahmed
user::prathiush_p,user_network,user,Prathiush P
user::s_natarajan,user_network,user,S Natarajan
user::ashwath_shiva,user_network,user,Ashwath Shiva
user::dr__raguram_urologist,user_network,user,Dr  Raguram Urologist
user::isakki_muthu,user_network,user,Isakki Muthu
user::marudhu_subash,user_network,user,Marudhu Subash
user::sivaguru_jeyakkumar,user_network,user,Sivaguru Jeyakkumar
user::mahadevan_vicky,user_network,user,Mahadevan Vicky
user::sabharinath_sureshkumar,user_network,user,Sabharinath Sureshkumar
user::senthil_arumugam,user_network,user,Senthil Arumugam
user::shajan_mano,user_network,user,Shajan Mano
user::t_s_king001_king,user_network,user,T S King001 King
user::bharath_r,user_network,user,Bharath R
user::hari_thalapathy,user_network,user,Hari Thalapathy
user::jishnu_j,user_network,user,Jishnu J
user::sriram_ramakrishnan,user_network,user,Sriram Ramakrishnan
user::balaram_das,user_network,user,Balaram Das
user::infant_uva,user_network,user,Infant Uva
user::vignesh_kumar,user_network,user,Vignesh Kumar
user::vishwalingam_m_s,user_network,user,Vishwalingam M S
user::manueeé,user_network,user,Manueeé
user::nidhin_d,user_network,user,Nidhin D
user::sagar_sadanandan,user_network,user,Sagar Sadanandan
user::velayudhan_vijayan,user_network,user,Velayudhan Vijayan
user::haribaskar_k,user_network,user,Haribaskar K
user::kailash_kattalay,user_network,user,Kailash Kattalay
user::rgr_raj_thiyagarajan,user_network,user,Rgr Raj Thiyagarajan
user::tamil_selvan,user_network,user,Tamil Selvan
user::vignesh_m_k_v_family,user_network,user,Vignesh M K V Family
user::abdul_hameed,user_network,user,Abdul Hameed
user::senthil_vel,user_network,user,Senthil Vel
user::shiva,user_network,user,Shiva
user::thiruramalingam_s,user_network,user,Thiruramalingam S
user::veera_pandian,user_network,user,Veera Pandian
user::abraham_rahul,user_network,user,Abraham Rahul
user::alagu_selvam_s,user_network,user,Alagu Selvam S
user::dr_dileep_m_k,user_network,user,Dr Dileep M K
user::madhuravani_b,user_network,user,Madhuravani B
user::navaneetha_krishnan_v,user_network,user,Navaneetha Krishnan V
user::christy_sam,user_network,user,Christy Sam
user::day_dreamer_s,user_network,user,Day Dreamer S
user::imran_khan,user_network,user,Imran Khan
user::shunmuganathan_t,user_network,user,Shunmuganathan T
user::ப_ரக_ஷ__மண__prakash_mani,user_network,user,ப ரக ஷ  மண  Prakash Mani
user::ajay_raj,user_network,user,Ajay Raj
user::hareesh_r,user_network,user,Hareesh R
user::kalyana_sundaram,user_network,user,Kalyana Sundaram
user::maheshs,user_network,user,Maheshs
user::nishanth_kb,user_network,user,Nishanth Kb
user::abdul_kader,user_network,user,Abdul Kader
user::compass_clock,user_network,user,Compass Clock
user::kamaludeen_kamal,user_network,user,Kamaludeen Kamal
user::sulaiman_syed,user_network,user,Sulaiman Syed
user::syed_mohammed_hussain,user_network,user,Syed Mohammed Hussain
user::b1no,user_network,user,B1No
user::poulose_ke,user_network,user,Poulose Ke
user::shameer_m_basheer,user_network,user,Shameer M Basheer
user::شيخ_صفا_سابينا,user_network,user,شيخ صفا سابينا
user::abishek_arumugam,user_network,user,Abishek Arumugam
user::arumugam_k,user_network,user,Arumugam K
user::hari_krishnan_r_k,user_network,user,Hari Krishnan R K
user::nice_johny,user_network,user,Nice Johny
user::ajc,user_network,user,Ajc
user::roby_soni,user_network,user,Roby Soni
user::saroj,user_network,user,Saroj
user::sree_nath,user_network,user,Sree Nath
user::bearded_traveller,user_network,user,Bearded Traveller
user::mulshankar_shiv,user_network,user,Mulshankar Shiv
user::sathish_maravan,user_network,user,Sathish Maravan
user::ilakiyaa_thangam,user_network,user,Ilakiyaa Thangam
user::kanagaraj_a,user_network,user,Kanagaraj A
user::rajesh___a_genuine_jaunts,user_network,user,Rajesh   A Genuine Jaunts
user::sundari_pashupati,user_network,user,Sundari Pashupati
user::suresh_kannan,user_network,user,Suresh Kannan
user::bass_bk_carving,user_network,user,Bass Bk Carving
user::monstermani,user_network,user,Monstermani
user::shanthanam_mari,user_network,user,Shanthanam Mari
user::sriram_saran__picturescollections,user_network,user,Sriram Saran  Picturescollections
user::surya_pravin,user_network,user,Surya Pravin
user::kishore_kumar,user_network,user,Kishore Kumar
user::mari_mariappan,user_network,user,Mari Mariappan
user::shanmuga_vel,user_network,user,Shanmuga Vel
user::tanishq_vasanth,user_network,user,Tanishq Vasanth
user::xyz_abc,user_network,user,Xyz Abc
user::baskaran_lakshmanan,user_network,user,Baskaran Lakshmanan
user::haji_home_colletion,user_network,user,Haji Home Colletion
user::muthu_kumar,user_network,user,Muthu Kumar
user::natarajan_raman,user_network,user,Natarajan Raman
user::salamon_raja,user_network,user,Salamon Raja
user::akhil_das,user_network,user,Akhil Das
user::aswin,user_network,user,Aswin
user::rahul_hari,user_network,user,Rahul Hari
user::raji_ramya,user_network,user,Raji Ramya
user::arun_unni,user_network,user,Arun Unni
user::kathiresan_murugan,user_network,user,Kathiresan Murugan
user::kilakarai_foodie_javitheats,user_network,user,Kilakarai Foodie Javitheats
user::ramanan,user_network,user,Ramanan
user::a_v_bhaskar,user_network,user,A V Bhaskar
user::arun_suresh_n,user_network,user,Arun Suresh N
user::inba_ganesh,user_network,user,Inba Ganesh
user::purushothaman_nandagopalan,user_network,user,Purushothaman Nandagopalan
user::sivanesan_siva,user_network,user,Sivanesan Siva
user::iyyappan_h,user_network,user,Iyyappan H
user::mass_vijay,user_network,user,Mass Vijay
user::rajaessaky,user_network,user,Rajaessaky
user::shamngasundaram,user_network,user,Shamngasundaram
user::thirumalai_ramanujam,user_network,user,Thirumalai Ramanujam
user::santhana_pandi,user_network,user,Santhana Pandi
user::vj_saba,user_network,user,Vj Saba
user::arun_rajan,user_network,user,Arun Rajan
user::joseph_john_thoppil,user_network,user,Joseph John Thoppil
user::shimnith_m,user_network,user,Shimnith M
user::sinu_mamachen,user_network,user,Sinu Mamachen
user::muthukrishnan_dawson,user_network,user,Muthukrishnan Dawson
user::raja_lakshmi,user_network,user,Raja Lakshmi
user::rama_chandran,user_network,user,Rama Chandran
user::sankaralingam_v,user_network,user,Sankaralingam V
user::v_s__keerthana,user_network,user,V S  Keerthana
user::bharath_siva,user_network,user,Bharath Siva
user::karthikeyan_sundararaj,user_network,user,Karthikeyan Sundararaj
user::madhusudhanan__j,user_network,user,Madhusudhanan  J
user::selva,user_network,user,Selva
user::venkatesh_a,user_network,user,Venkatesh A
user::amy_seb,user_network,user,Amy Seb
user::peter_john,user_network,user,Peter John
user::rahla_sherin_pv,user_network,user,Rahla Sherin Pv
user::rejimon_a_r,user_network,user,Rejimon A R
user::syam_kumar,user_network,user,Syam Kumar
user::athi_narayanan,user_network,user,Athi Narayanan
user::barani_selvam,user_network,user,Barani Selvam
user::john_luther,user_network,user,John Luther
user::neshdi_dth,user_network,user,Neshdi Dth
user::suthan_bala,user_network,user,Suthan Bala
user::gold_prabhu,user_network,user,Gold Prabhu
user::jeya_balaji,user_network,user,Jeya Balaji
user::ramajeyam_ramajeyam,user_network,user,Ramajeyam Ramajeyam
user::sivalingaraja_kaliappan,user_network,user,Sivalingaraja Kaliappan
user::thavasikumar_c,user_network,user,Thavasikumar C
user::asr_360,user_network,user,Asr 360
user::m_chittrarul,user_network,user,M Chittrarul
user::rider_47,user_network,user,Rider 47
user::vigneshkumar_sivakumar,user_network,user,Vigneshkumar Sivakumar
user::dinesh_s,user_network,user,Dinesh S
user::hari_anu,user_network,user,Hari Anu
user::premkumar_jeri,user_network,user,Premkumar Jeri
user::raji_karuthapandi,user_network,user,Raji Karuthapandi
user::yazhini_kumar,user_network,user,Yazhini Kumar
user::deva_pavi,user_network,user,Deva Pavi
user::future_tricks2_0,user_network,user,Future Tricks2 0
user::muhammed_salih_ahamed_athaullah,user_network,user,Muhammed Salih Ahamed Athaullah
user::dhanasekar_manickam,user_network,user,Dhanasekar Manickam
user::muthu_krishnan_shanmugam,user_network,user,Muthu Krishnan Shanmugam
user::ponraj_subbiah,user_network,user,Ponraj Subbiah
user::santhosh_s,user_network,user,Santhosh S
user::senthil_nath,user_network,user,Senthil Nath
user::arun_a,user_network,user,Arun A
user::dinesh_kowsalya,user_network,user,Dinesh Kowsalya
user::esai_kannan,user_network,user,Esai Kannan
user::gødwin_møses,user_network,user,Gødwin Møses
user::jim_carter,user_network,user,Jim Carter
user::arun_sankar,user_network,user,Arun Sankar
user::balan,user_network,user,Balan
user::paulraj__vinayaka_transport,user_network,user,Paulraj  Vinayaka Transport
user::sathish_kumar_nksak,user_network,user,Sathish Kumar Nksak
user::sujith_kumar,user_network,user,Sujith Kumar
user::mari_selvam,user_network,user,Mari Selvam
user::mohamed_ashik_ali,user_network,user,Mohamed Ashik Ali
user::mohamed_farook,user_network,user,Mohamed Farook
user::naushad_yunus,user_network,user,Naushad Yunus
user::trisha_tmg,user_network,user,Trisha Tmg
user::gilbert_raj,user_network,user,Gilbert Raj
user::iyappan_n,user_network,user,Iyappan N
user::rj_rocky_jes__nellai_rocky,user_network,user,Rj Rocky Jes  Nellai Rocky
user::seshadri_varadarajan,user_network,user,Seshadri Varadarajan
user::zee_tamil_vignesh__a_vicky,user_network,user,Zee Tamil Vignesh  A Vicky
user::anish_g,user_network,user,Anish G
user::anto_anto,user_network,user,Anto Anto
user::m_ramesh,user_network,user,M Ramesh
user::madhavan,user_network,user,Madhavan
user::muthukalaivani_arumugasamy__seenukalai,user_network,user,Muthukalaivani Arumugasamy  Seenukalai
user::achuthan_ravi,user_network,user,Achuthan Ravi
user::arun_kumar,user_network,user,Arun Kumar
user::athul_sindhu,user_network,user,Athul Sindhu
user::mano_micheal,user_network,user,Mano Micheal
user::mr_vino__universal_kid,user_network,user,Mr Vino  Universal Kid
user::arun_sagar,user_network,user,Arun Sagar
user::rajeshrs_raj,user_network,user,Rajeshrs Raj
user::shabna_b,user_network,user,Shabna B
user::svk_venkat,user_network,user,Svk Venkat
user::we_make_the_impossible_things,user_network,user,We Make The Impossible Things
user::charmathurai_s,user_network,user,Charmathurai S
user::prince_p_m,user_network,user,Prince P M
user::sai_kumar,user_network,user,Sai Kumar
user::satish_dhanaraj,user_network,user,Satish Dhanaraj
user::ananda_kumar,user_network,user,Ananda Kumar
user::ashok_shasan,user_network,user,Ashok Shasan
user::mohamed_risvi,user_network,user,Mohamed Risvi
user::ratharaj_a,user_network,user,Ratharaj A
user::vj_vicky,user_network,user,Vj Vicky
user::akshay_s_kumar,user_network,user,Akshay S Kumar
user::rahul_krishna_h,user_network,user,Rahul Krishna H
user::shihabudeen_k,user_network,user,Shihabudeen K
user::the_em_cube,user_network,user,The Em Cube
user::vellai_samy,user_network,user,Vellai Samy
user::john_pennycuick,user_network,user,John Pennycuick
user::mariappan_p,user_network,user,Mariappan P
user::s_m_t_selvan_nadar____tamiley,user_network,user,S M T Selvan Nadar    Tamiley
user::vishnu_s,user_network,user,Vishnu S
user::wasim_akram,user_network,user,Wasim Akram
user::rmuthuvel_ramaiah,user_network,user,Rmuthuvel Ramaiah
user::sara_beevi,user_network,user,Sara Beevi
user::sathish_krishnan,user_network,user,Sathish Krishnan
user::vr_status_creations,user_network,user,Vr Status Creations
user::arunraj,user_network,user,Arunraj
user::axe_xerxes,user_network,user,Axe Xerxes
user::dhisho_r_s,user_network,user,Dhisho R S
user::fabin_thomas,user_network,user,Fabin Thomas
user::mr_tamil_n_72,user_network,user,Mr Tamil N 72
user::antony_stephen,user_network,user,Antony Stephen
user::ramakumar_ulaganathan,user_network,user,Ramakumar Ulaganathan
user::vinoth_raja_k,user_network,user,Vinoth Raja K
user::benenet_y,user_network,user,Benenet Y
user::ms_home,user_network,user,Ms Home
user::siva_das,user_network,user,Siva Das
user::unnikuttan_a,user_network,user,Unnikuttan A
user::ĸarυppaѕaмy_g,user_network,user,ĸarυppaѕaмy G
user::aibin_hawkz,user_network,user,Aibin Hawkz
user::aravindan_sankaranarayanan,user_network,user,Aravindan Sankaranarayanan
user::dd,user_network,user,Dd
user::giftson_david,user_network,user,Giftson David
user::afzal,user_network,user,Afzal
user::kumar,user_network,user,Kumar
user::patta_varayan,user_network,user,Patta Varayan
user::த_ன_ப_ண_ட__தம_ழன__சரவணன,user_network,user,த ன ப ண ட  தம ழன  சரவணன
user::bhagavathi_raja_bagavathi,user_network,user,Bhagavathi Raja Bagavathi
user::prem_raj,user_network,user,Prem Raj
user::saqlain_mushtaq,user_network,user,Saqlain Mushtaq
user::vk_ohmprakash,user_network,user,Vk Ohmprakash
user::hari_popzboy,user_network,user,Hari Popzboy
user::prajin_p,user_network,user,Prajin P
user::s_k,user_network,user,S K
user::siva_ram,user_network,user,Siva Ram
user::tn76_traveler,user_network,user,Tn76 Traveler
user::jj_ravichandran,user_network,user,Jj Ravichandran
user::madhavi_murugan,user_network,user,Madhavi Murugan
user::mani_m,user_network,user,Mani M
user::siva_kumar,user_network,user,Siva Kumar
user::vignesh_raj__vicky,user_network,user,Vignesh Raj  Vicky
user::bharathi,user_network,user,Bharathi
user::dhanalakshmi_dhanalakshmi,user_network,user,Dhanalakshmi Dhanalakshmi
user::fj,user_network,user,Fj
user::karpagavalli_karpagavalli,user_network,user,Karpagavalli Karpagavalli
user::sivarajalngam_nivi_s,user_network,user,Sivarajalngam Nivi S
user::m_krishna,user_network,user,M Krishna
user::mabhu_k,user_network,user,Mabhu K
user::ramesh_ram_ram,user_network,user,Ramesh Ram Ram
user::abishek_ragland,user_network,user,Abishek Ragland
user::krithika_s,user_network,user,Krithika S
user::sivakumar,user_network,user,Sivakumar
user::vinod__b,user_network,user,Vinod  B
user::chinna_samy,user_network,user,Chinna Samy
user::mari_mari,user_network,user,Mari Mari
user::premam_mani_str,user_network,user,Premam Mani Str
user::r_palpandi,user_network,user,R Palpandi
user::senthil_kumar_m,user_network,user,Senthil Kumar M
user::arikrishnan_v,user_network,user,Arikrishnan V
user::balaji_a,user_network,user,Balaji A
user::boomija_m,user_network,user,Boomija M
user::mathavan_is_saru_studio_tmpm,user_network,user,Mathavan Is Saru Studio Tmpm
user::paramasivan_samuthiram,user_network,user,Paramasivan Samuthiram
user::jebaraj,user_network,user,Jebaraj
user::muthu_krishnan,user_network,user,Muthu Krishnan
user::poco_x3,user_network,user,Poco X3
user::seenivasan_t,user_network,user,Seenivasan T
user::suresh_kumar,user_network,user,Suresh Kumar
user::abdul_kader_a_thahir,user_network,user,Abdul Kader A Thahir
user::rajan_m,user_network,user,Rajan M
user::syed_sulaiman,user_network,user,Syed Sulaiman
user::ukkasim_shahulhajira,user_network,user,Ukkasim Shahulhajira
user::ayya_thurai,user_network,user,Ayya Thurai
user::dùráī_màddy,user_network,user,Dùráī Màddy
user::krishnakumar_r,user_network,user,Krishnakumar R
user::skf_tech_gurus,user_network,user,Skf Tech Gurus
user::ashokkumar_s,user_network,user,Ashokkumar S
user::balaji__k,user_network,user,Balaji  K
user::leo_forsyth,user_network,user,Leo Forsyth
user::ssangyong_n111,user_network,user,Ssangyong N111
user::vijaya,user_network,user,Vijaya
user::m_siva_subramanian,user_network,user,M Siva Subramanian
user::mathan__m,user_network,user,Mathan  M
user::mukesh_kumar,user_network,user,Mukesh Kumar
user::sathish_kumar,user_network,user,Sathish Kumar
user::ambrose_jesuraj,user_network,user,Ambrose Jesuraj
user::govindharajan_sahadevan,user_network,user,Govindharajan Sahadevan
user::murugan_c,user_network,user,Murugan C
user::sivaraj_tks,user_network,user,Sivaraj Tks
user::balamurugan_asb,user_network,user,Balamurugan Asb
user::megaraj_a,user_network,user,Megaraj A
user::s_m,user_network,user,S M
user::southindian_traveller,user_network,user,Southindian Traveller
user::anu_jayaraj,user_network,user,Anu Jayaraj
user::iii_surya_raman,user_network,user,Iii Surya Raman
user::jaba_singraj__vidiyal_medical_mission,user_network,user,Jaba Singraj  Vidiyal Medical Mission
user::raman_s,user_network,user,Raman S
user::renius_renius,user_network,user,Renius Renius
user::kali_pandi,user_network,user,Kali Pandi
user::manikandan,user_network,user,Manikandan
user::raja_a,user_network,user,Raja A
user::ramkumar_annakili,user_network,user,Ramkumar Annakili
user::nellai_naygam,user_network,user,Nellai Naygam
user::selvamani_mani,user_network,user,Selvamani Mani
user::sivasubramanian_g,user_network,user,Sivasubramanian G
user::byju_bikebyju,user_network,user,Byju Bikebyju
user::sivasubramanian_thoothukudi,user_network,user,Sivasubramanian Thoothukudi
user::thirumalai_kumar,user_network,user,Thirumalai Kumar
user::vignesh_hari,user_network,user,Vignesh Hari
user::villu_vicky,user_network,user,Villu Vicky
user::adv_deepi_ashok,user_network,user,Adv Deepi Ashok
user::g_p_suresh_gopal_cabs_ngl,user_network,user,G P Suresh Gopal Cabs Ngl
user::rajiv_kumar_velsamy,user_network,user,Rajiv Kumar Velsamy
user::a_a_mohamed_arsath,user_network,user,A A Mohamed Arsath
user::arun_das_a_h,user_network,user,Arun Das A H
user::faris_ns_9317,user_network,user,Faris Ns 9317
user::praveen_kumar,user_network,user,Praveen Kumar
user::shahul_hameed,user_network,user,Shahul Hameed
user::abdul_rasith,user_network,user,Abdul Rasith
user::husain_abu_hunaid,user_network,user,Husain Abu Hunaid
user::malik_m,user_network,user,Malik M
user::mohammed_saleem,user_network,user,Mohammed Saleem
user::miracle_thivan__shabih,user_network,user,Miracle Thivan  Shabih
user::mohammed_mustapha,user_network,user,Mohammed Mustapha
user::sabi_raja,user_network,user,Sabi Raja
user::sumathi_ramesh,user_network,user,Sumathi Ramesh
user::imjose,user_network,user,Imjose
user::karpooraraj,user_network,user,Karpooraraj
user::muhamad_fayaz,user_network,user,Muhamad Fayaz
user::sriram,user_network,user,Sriram
user::your_thoughts,user_network,user,Your Thoughts
user::indira_prathap,user_network,user,Indira Prathap
user::sathiyaseelan_smt,user_network,user,Sathiyaseelan Smt
user::srimathi_durai,user_network,user,Srimathi Durai
user::ameer_sulthan,user_network,user,Ameer Sulthan
user::ananthi_chela,user_network,user,Ananthi Chela
user::ismail_ahamed_m,user_network,user,Ismail Ahamed M
user::rizwan_hussain_mohammed,user_network,user,Rizwan Hussain Mohammed
user::sudhan_murugan,user_network,user,Sudhan Murugan
user::kathirvan_s,user_network,user,Kathirvan S
user::p_r_a_k_a_s_h,user_network,user,P R A K A S H
user::pon_raja,user_network,user,Pon Raja
user::ramesh_arun_selvan,user_network,user,Ramesh Arun Selvan
user::sreejith_sr,user_network,user,Sreejith Sr
user::jayaprabha_jayaprakash,user_network,user,Jayaprabha Jayaprakash
user::joshy_chakravarthy,user_network,user,Joshy Chakravarthy
user::thandabani_rs,user_network,user,Thandabani Rs
user::vinoth,user_network,user,Vinoth
user::xavier_j,user_network,user,Xavier J
user::karutha_pandi,user_network,user,Karutha Pandi
user::raj_kumar,user_network,user,Raj Kumar
user::s_palani_chamy,user_network,user,S Palani Chamy
user::selvam_ponmani,user_network,user,Selvam Ponmani
user::vel_kumar,user_network,user,Vel Kumar
user::pan_card,user_network,user,Pan Card
user::rathnam_selva,user_network,user,Rathnam Selva
user::rj_vignesh,user_network,user,Rj Vignesh
user::siva_dev,user_network,user,Siva Dev
user::ss_0307,user_network,user,Ss 0307
user::hari_suthanan_r,user_network,user,Hari Suthanan R
user::rajkumar_kaliappan,user_network,user,Rajkumar Kaliappan
user::sabarikanth_jeyam,user_network,user,Sabarikanth Jeyam
user::sk_rajesh,user_network,user,Sk Rajesh
user::venkada_ramanan_m,user_network,user,Venkada Ramanan M
user::ak_cammander,user_network,user,Ak Cammander
user::antharved_pasalapudi,user_network,user,Antharved Pasalapudi
user::priya_cn,user_network,user,Priya Cn
user::rajan_sukumaran,user_network,user,Rajan Sukumaran
user::suresh_garin,user_network,user,Suresh Garin
user::manoj_ajithkumar_manoj_ajithkumar,user_network,user,Manoj Ajithkumar Manoj Ajithkumar
user::raja_raja,user_network,user,Raja Raja
user::ullas_s,user_network,user,Ullas S
user::க_ணச_கரன__வ_வச_ய,user_network,user,க ணச கரன  வ வச ய
