node1,node2,relationship_type,weight
user::hassan_sowkath,user::mohammed_nayeem,co_reviewed_user,1.0
user::hassan_sowkath,user::mukilan_s,co_reviewed_user,1.0
user::hassan_sowkath,user::pooshan_d,co_reviewed_user,1.0
user::hassan_sowkath,user::shotsby_senthil,co_reviewed_user,1.0
user::hassan_sowkath,user::nadarajan_muthukumarasamy,co_reviewed_user,1.0
user::hassan_sowkath,user::ramakrishnan_v,co_reviewed_user,1.0
user::hassan_sowkath,user::rijas_galleria,co_reviewed_user,1.0
user::hassan_sowkath,user::sethu_m,co_reviewed_user,1.0
user::mohammed_nayeem,user::mukilan_s,co_reviewed_user,1.0
user::mohammed_nayeem,user::pooshan_d,co_reviewed_user,1.0
user::mohammed_nayeem,user::shotsby_senthil,co_reviewed_user,1.0
user::mukilan_s,user::pooshan_d,co_reviewed_user,1.0
user::mukilan_s,user::shotsby_senthil,co_reviewed_user,1.0
user::mukilan_s,user::deva_pavi,co_reviewed_user,1.0
user::mukilan_s,user::future_tricks2_0,co_reviewed_user,1.0
user::mukilan_s,user::ganesh_m,co_reviewed_user,1.0
user::mukilan_s,user::muhammed_salih_ahamed_athaullah,co_reviewed_user,1.0
user::pooshan_d,user::shotsby_senthil,co_reviewed_user,1.0
user::shotsby_senthil,user::dinesh_e,co_reviewed_user,1.0
user::shotsby_senthil,user::selva_selva,co_reviewed_user,1.0
user::shotsby_senthil,user::writer_and_traveller,co_reviewed_user,1.0
user::shotsby_senthil,user::ச_ர_ந_தர__க_ம_ர,co_reviewed_user,1.0
user::shotsby_senthil,user::esakki_raj,co_reviewed_user,1.0
user::shotsby_senthil,user::mani_kandan,co_reviewed_user,1.0
user::shotsby_senthil,user::mani_kandan_s,co_reviewed_user,1.0
user::shotsby_senthil,user::sakthivel_p,co_reviewed_user,1.0
user::shotsby_senthil,user::akhil_das,co_reviewed_user,1.0
user::shotsby_senthil,user::aswin,co_reviewed_user,1.0
user::shotsby_senthil,user::rahul_hari,co_reviewed_user,1.0
user::shotsby_senthil,user::raji_ramya,co_reviewed_user,1.0
user::beardless_tripy_venkateshprasath,user::gowri_shankar,co_reviewed_user,1.0
user::beardless_tripy_venkateshprasath,user::pooja_devi,co_reviewed_user,1.0
user::beardless_tripy_venkateshprasath,user::saravanan_manohar,co_reviewed_user,1.0
user::beardless_tripy_venkateshprasath,user::stella_sharon,co_reviewed_user,1.0
user::gowri_shankar,user::pooja_devi,co_reviewed_user,1.0
user::gowri_shankar,user::saravanan_manohar,co_reviewed_user,1.0
user::gowri_shankar,user::stella_sharon,co_reviewed_user,1.0
user::pooja_devi,user::saravanan_manohar,co_reviewed_user,1.0
user::pooja_devi,user::stella_sharon,co_reviewed_user,1.0
user::pooja_devi,user::anu,co_reviewed_user,1.0
user::pooja_devi,user::g_t_g,co_reviewed_user,1.0
user::pooja_devi,user::ganesh_m,co_reviewed_user,1.0
user::pooja_devi,user::sarath_kumar_s,co_reviewed_user,1.0
user::saravanan_manohar,user::stella_sharon,co_reviewed_user,1.0
user::athulya_vijayan,user::hari_trivedi,co_reviewed_user,1.0
user::athulya_vijayan,user::raghu_b,co_reviewed_user,1.0
user::athulya_vijayan,user::raj_p,co_reviewed_user,1.0
user::athulya_vijayan,user::ramesh_kumar,co_reviewed_user,1.0
user::hari_trivedi,user::raghu_b,co_reviewed_user,2.0
user::hari_trivedi,user::raj_p,co_reviewed_user,1.0
user::hari_trivedi,user::ramesh_kumar,co_reviewed_user,1.0
user::hari_trivedi,user::akhilesh_prajapati,co_reviewed_user,1.0
user::hari_trivedi,user::narayanamurthy_subramanian,co_reviewed_user,1.0
user::hari_trivedi,user::shibin_as,co_reviewed_user,1.0
user::hari_trivedi,user::manueeé,co_reviewed_user,1.0
user::hari_trivedi,user::nidhin_d,co_reviewed_user,1.0
user::hari_trivedi,user::sagar_sadanandan,co_reviewed_user,1.0
user::hari_trivedi,user::velayudhan_vijayan,co_reviewed_user,1.0
user::raghu_b,user::raj_p,co_reviewed_user,1.0
user::raghu_b,user::ramesh_kumar,co_reviewed_user,2.0
user::raghu_b,user::akhilesh_prajapati,co_reviewed_user,1.0
user::raghu_b,user::narayanamurthy_subramanian,co_reviewed_user,1.0
user::raghu_b,user::shibin_as,co_reviewed_user,1.0
user::raghu_b,user::pratheesh_harish,co_reviewed_user,1.0
user::raghu_b,user::rijas_galleria,co_reviewed_user,1.0
user::raghu_b,user::sarath_kumar_s,co_reviewed_user,1.0
user::raghu_b,user::chitra_murali,co_reviewed_user,1.0
user::raghu_b,user::rahul_s,co_reviewed_user,1.0
user::raghu_b,user::sathishkumar_balakrishnan,co_reviewed_user,1.0
user::raghu_b,user::venkat,co_reviewed_user,1.0
user::raj_p,user::ramesh_kumar,co_reviewed_user,1.0
user::ramesh_kumar,user::pratheesh_harish,co_reviewed_user,1.0
user::ramesh_kumar,user::rijas_galleria,co_reviewed_user,1.0
user::ramesh_kumar,user::sarath_kumar_s,co_reviewed_user,1.0
user::akhilesh_prajapati,user::narayanamurthy_subramanian,co_reviewed_user,1.0
user::akhilesh_prajapati,user::shibin_as,co_reviewed_user,1.0
user::akhilesh_prajapati,user::aravind_r_chandran,co_reviewed_user,1.0
user::akhilesh_prajapati,user::blessy_babu,co_reviewed_user,1.0
user::akhilesh_prajapati,user::greewin_mathew,co_reviewed_user,1.0
user::akhilesh_prajapati,user::joshith_jacob,co_reviewed_user,1.0
user::narayanamurthy_subramanian,user::shibin_as,co_reviewed_user,1.0
user::abhishek_anil,user::senthil_kumar_manickam,co_reviewed_user,1.0
user::abhishek_anil,user::sesha_srinivasa_murthy_putrevu,co_reviewed_user,1.0
user::abhishek_anil,user::shravan_srinivasan,co_reviewed_user,1.0
user::abhishek_anil,user::subrata_b,co_reviewed_user,1.0
user::senthil_kumar_manickam,user::sesha_srinivasa_murthy_putrevu,co_reviewed_user,1.0
user::senthil_kumar_manickam,user::shravan_srinivasan,co_reviewed_user,1.0
user::senthil_kumar_manickam,user::subrata_b,co_reviewed_user,1.0
user::sesha_srinivasa_murthy_putrevu,user::shravan_srinivasan,co_reviewed_user,1.0
user::sesha_srinivasa_murthy_putrevu,user::subrata_b,co_reviewed_user,1.0
user::shravan_srinivasan,user::subrata_b,co_reviewed_user,1.0
user::pratheesh_harish,user::rijas_galleria,co_reviewed_user,1.0
user::pratheesh_harish,user::sarath_kumar_s,co_reviewed_user,1.0
user::rijas_galleria,user::sarath_kumar_s,co_reviewed_user,1.0
user::rijas_galleria,user::akhil_raj,co_reviewed_user,1.0
user::rijas_galleria,user::muhassin_ps,co_reviewed_user,1.0
user::rijas_galleria,user::nithin_sasikumar,co_reviewed_user,1.0
user::rijas_galleria,user::solo_traveller,co_reviewed_user,1.0
user::rijas_galleria,user::nadarajan_muthukumarasamy,co_reviewed_user,1.0
user::rijas_galleria,user::ramakrishnan_v,co_reviewed_user,1.0
user::rijas_galleria,user::sethu_m,co_reviewed_user,1.0
user::rijas_galleria,user::adv_deepi_ashok,co_reviewed_user,1.0
user::rijas_galleria,user::g_p_suresh_gopal_cabs_ngl,co_reviewed_user,1.0
user::rijas_galleria,user::rajiv_kumar_velsamy,co_reviewed_user,1.0
user::rijas_galleria,user::we_make_the_impossible_things,co_reviewed_user,1.0
user::sarath_kumar_s,user::anu,co_reviewed_user,1.0
user::sarath_kumar_s,user::g_t_g,co_reviewed_user,1.0
user::sarath_kumar_s,user::ganesh_m,co_reviewed_user,1.0
user::sarath_kumar_s,user::abey_johnsen,co_reviewed_user,1.0
user::sarath_kumar_s,user::parvathy_r,co_reviewed_user,1.0
user::sarath_kumar_s,user::sajikumar_js,co_reviewed_user,1.0
user::sarath_kumar_s,user::sreehari_s,co_reviewed_user,1.0
user::kannan_ramachandran,user::ramchandar_umasankar,co_reviewed_user,1.0
user::kannan_ramachandran,user::smruthi_vinayak_rengan,co_reviewed_user,1.0
user::kannan_ramachandran,user::srivenkatbabu_sinnasami,co_reviewed_user,1.0
user::kannan_ramachandran,user::starlet_esther,co_reviewed_user,1.0
user::ramchandar_umasankar,user::smruthi_vinayak_rengan,co_reviewed_user,1.0
user::ramchandar_umasankar,user::srivenkatbabu_sinnasami,co_reviewed_user,1.0
user::ramchandar_umasankar,user::starlet_esther,co_reviewed_user,1.0
user::smruthi_vinayak_rengan,user::srivenkatbabu_sinnasami,co_reviewed_user,1.0
user::smruthi_vinayak_rengan,user::starlet_esther,co_reviewed_user,1.0
user::srivenkatbabu_sinnasami,user::starlet_esther,co_reviewed_user,1.0
user::srivenkatbabu_sinnasami,user::kumaresan_lakshmanan,co_reviewed_user,1.0
user::srivenkatbabu_sinnasami,user::shyam_sundar,co_reviewed_user,1.0
user::srivenkatbabu_sinnasami,user::vinoth_kumar,co_reviewed_user,1.0
user::srivenkatbabu_sinnasami,user::yuva_ranjitha,co_reviewed_user,1.0
user::anu,user::g_t_g,co_reviewed_user,1.0
user::anu,user::ganesh_m,co_reviewed_user,1.0
user::g_t_g,user::ganesh_m,co_reviewed_user,1.0
user::g_t_g,user::anfas_salim,co_reviewed_user,1.0
user::g_t_g,user::anoop_kamal,co_reviewed_user,1.0
user::g_t_g,user::dark_wizard,co_reviewed_user,1.0
user::g_t_g,user::sree_kumar_a,co_reviewed_user,1.0
user::ganesh_m,user::ajc,co_reviewed_user,1.0
user::ganesh_m,user::roby_soni,co_reviewed_user,1.0
user::ganesh_m,user::saroj,co_reviewed_user,1.0
user::ganesh_m,user::sree_nath,co_reviewed_user,1.0
user::ganesh_m,user::deva_pavi,co_reviewed_user,1.0
user::ganesh_m,user::future_tricks2_0,co_reviewed_user,1.0
user::ganesh_m,user::muhammed_salih_ahamed_athaullah,co_reviewed_user,1.0
user::chitra_murali,user::rahul_s,co_reviewed_user,1.0
user::chitra_murali,user::sathishkumar_balakrishnan,co_reviewed_user,1.0
user::chitra_murali,user::venkat,co_reviewed_user,1.0
user::rahul_s,user::sathishkumar_balakrishnan,co_reviewed_user,1.0
user::rahul_s,user::venkat,co_reviewed_user,1.0
user::sathishkumar_balakrishnan,user::venkat,co_reviewed_user,1.0
user::gayathri_shri_kashyap,user::haston_kumar,co_reviewed_user,1.0
user::gayathri_shri_kashyap,user::prem_kumar,co_reviewed_user,1.0
user::gayathri_shri_kashyap,user::sajin_shereef,co_reviewed_user,1.0
user::gayathri_shri_kashyap,user::snabak_vinod_aj,co_reviewed_user,1.0
user::haston_kumar,user::prem_kumar,co_reviewed_user,1.0
user::haston_kumar,user::sajin_shereef,co_reviewed_user,1.0
user::haston_kumar,user::snabak_vinod_aj,co_reviewed_user,1.0
user::prem_kumar,user::sajin_shereef,co_reviewed_user,1.0
user::prem_kumar,user::snabak_vinod_aj,co_reviewed_user,1.0
user::sajin_shereef,user::snabak_vinod_aj,co_reviewed_user,1.0
user::aravind_r_chandran,user::blessy_babu,co_reviewed_user,1.0
user::aravind_r_chandran,user::greewin_mathew,co_reviewed_user,1.0
user::aravind_r_chandran,user::joshith_jacob,co_reviewed_user,1.0
user::blessy_babu,user::greewin_mathew,co_reviewed_user,1.0
user::blessy_babu,user::joshith_jacob,co_reviewed_user,1.0
user::greewin_mathew,user::joshith_jacob,co_reviewed_user,1.0
user::anupam_purbey,user::devarshi_raj,co_reviewed_user,1.0
user::anupam_purbey,user::dr_kartik_bhadra,co_reviewed_user,1.0
user::anupam_purbey,user::neelesh_panchal,co_reviewed_user,1.0
user::anupam_purbey,user::santhosh_sankaran,co_reviewed_user,1.0
user::devarshi_raj,user::dr_kartik_bhadra,co_reviewed_user,1.0
user::devarshi_raj,user::neelesh_panchal,co_reviewed_user,1.0
user::devarshi_raj,user::santhosh_sankaran,co_reviewed_user,1.0
user::dr_kartik_bhadra,user::neelesh_panchal,co_reviewed_user,1.0
user::dr_kartik_bhadra,user::santhosh_sankaran,co_reviewed_user,1.0
user::neelesh_panchal,user::santhosh_sankaran,co_reviewed_user,1.0
user::abid_suhail,user::nari_soundarrajan,co_reviewed_user,1.0
user::abid_suhail,user::naveen_ks,co_reviewed_user,1.0
user::abid_suhail,user::sethu_n,co_reviewed_user,1.0
user::abid_suhail,user::subhra_kar,co_reviewed_user,1.0
user::abid_suhail,user::bugra_alkan,co_reviewed_user,1.0
user::abid_suhail,user::hari_pranav,co_reviewed_user,1.0
user::abid_suhail,user::saravanan_m,co_reviewed_user,1.0
user::abid_suhail,user::vimal_kumar,co_reviewed_user,1.0
user::nari_soundarrajan,user::naveen_ks,co_reviewed_user,1.0
user::nari_soundarrajan,user::sethu_n,co_reviewed_user,1.0
user::nari_soundarrajan,user::subhra_kar,co_reviewed_user,1.0
user::naveen_ks,user::sethu_n,co_reviewed_user,1.0
user::naveen_ks,user::subhra_kar,co_reviewed_user,1.0
user::sethu_n,user::subhra_kar,co_reviewed_user,1.0
user::aneesh_va,user::arjun_siva,co_reviewed_user,1.0
user::aneesh_va,user::gayathri,co_reviewed_user,1.0
user::aneesh_va,user::nitin,co_reviewed_user,1.0
user::aneesh_va,user::sukesh_s,co_reviewed_user,1.0
user::arjun_siva,user::gayathri,co_reviewed_user,1.0
user::arjun_siva,user::nitin,co_reviewed_user,1.0
user::arjun_siva,user::sukesh_s,co_reviewed_user,1.0
user::gayathri,user::nitin,co_reviewed_user,1.0
user::gayathri,user::sukesh_s,co_reviewed_user,1.0
user::nitin,user::sukesh_s,co_reviewed_user,1.0
user::dr_p_j_george,user::govardhan_s,co_reviewed_user,1.0
user::dr_p_j_george,user::prajjawal_sharma,co_reviewed_user,1.0
user::dr_p_j_george,user::sreekrishnan_a_s,co_reviewed_user,1.0
user::dr_p_j_george,user::viswas_koundinyan_g,co_reviewed_user,1.0
user::govardhan_s,user::prajjawal_sharma,co_reviewed_user,1.0
user::govardhan_s,user::sreekrishnan_a_s,co_reviewed_user,1.0
user::govardhan_s,user::viswas_koundinyan_g,co_reviewed_user,1.0
user::prajjawal_sharma,user::sreekrishnan_a_s,co_reviewed_user,1.0
user::prajjawal_sharma,user::viswas_koundinyan_g,co_reviewed_user,1.0
user::sreekrishnan_a_s,user::viswas_koundinyan_g,co_reviewed_user,1.0
user::ganesan_t,user::journey_with_dds___vlog,co_reviewed_user,1.0
user::ganesan_t,user::seenivasan_ramasamy,co_reviewed_user,1.0
user::ganesan_t,user::thangavelu_arun_kumar,co_reviewed_user,1.0
user::ganesan_t,user::travel_paithiyam,co_reviewed_user,1.0
user::journey_with_dds___vlog,user::seenivasan_ramasamy,co_reviewed_user,1.0
user::journey_with_dds___vlog,user::thangavelu_arun_kumar,co_reviewed_user,1.0
user::journey_with_dds___vlog,user::travel_paithiyam,co_reviewed_user,1.0
user::seenivasan_ramasamy,user::thangavelu_arun_kumar,co_reviewed_user,1.0
user::seenivasan_ramasamy,user::travel_paithiyam,co_reviewed_user,1.0
user::thangavelu_arun_kumar,user::travel_paithiyam,co_reviewed_user,1.0
user::aishu_v,user::kader_sulaiman,co_reviewed_user,1.0
user::aishu_v,user::nomadic_shutter,co_reviewed_user,1.0
user::aishu_v,user::sahil_m,co_reviewed_user,1.0
user::aishu_v,user::somnath_m,co_reviewed_user,1.0
user::kader_sulaiman,user::nomadic_shutter,co_reviewed_user,1.0
user::kader_sulaiman,user::sahil_m,co_reviewed_user,1.0
user::kader_sulaiman,user::somnath_m,co_reviewed_user,1.0
user::nomadic_shutter,user::sahil_m,co_reviewed_user,1.0
user::nomadic_shutter,user::somnath_m,co_reviewed_user,1.0
user::sahil_m,user::somnath_m,co_reviewed_user,1.0
user::lithisha,user::praveen_gopalan,co_reviewed_user,1.0
user::lithisha,user::premz_view,co_reviewed_user,1.0
user::lithisha,user::shamini_kiruba,co_reviewed_user,1.0
user::lithisha,user::suresh_perumal,co_reviewed_user,1.0
user::praveen_gopalan,user::premz_view,co_reviewed_user,1.0
user::praveen_gopalan,user::shamini_kiruba,co_reviewed_user,1.0
user::praveen_gopalan,user::suresh_perumal,co_reviewed_user,1.0
user::premz_view,user::shamini_kiruba,co_reviewed_user,1.0
user::premz_view,user::suresh_perumal,co_reviewed_user,1.0
user::shamini_kiruba,user::suresh_perumal,co_reviewed_user,1.0
user::abhishek_yadav,user::jai_prakash_nain,co_reviewed_user,1.0
user::abhishek_yadav,user::jeyaram_d,co_reviewed_user,1.0
user::abhishek_yadav,user::krishnamurthy_i,co_reviewed_user,1.0
user::abhishek_yadav,user::prakash_photography_tvmalai,co_reviewed_user,1.0
user::jai_prakash_nain,user::jeyaram_d,co_reviewed_user,1.0
user::jai_prakash_nain,user::krishnamurthy_i,co_reviewed_user,1.0
user::jai_prakash_nain,user::prakash_photography_tvmalai,co_reviewed_user,1.0
user::jeyaram_d,user::krishnamurthy_i,co_reviewed_user,1.0
user::jeyaram_d,user::prakash_photography_tvmalai,co_reviewed_user,1.0
user::krishnamurthy_i,user::prakash_photography_tvmalai,co_reviewed_user,1.0
user::jose_wesley,user::kaarthikeyan,co_reviewed_user,1.0
user::jose_wesley,user::karthik_velmurugan,co_reviewed_user,1.0
user::jose_wesley,user::sabari_nathan,co_reviewed_user,1.0
user::jose_wesley,user::sathya_raghu,co_reviewed_user,1.0
user::kaarthikeyan,user::karthik_velmurugan,co_reviewed_user,1.0
user::kaarthikeyan,user::sabari_nathan,co_reviewed_user,1.0
user::kaarthikeyan,user::sathya_raghu,co_reviewed_user,1.0
user::karthik_velmurugan,user::sabari_nathan,co_reviewed_user,1.0
user::karthik_velmurugan,user::sathya_raghu,co_reviewed_user,1.0
user::sabari_nathan,user::sathya_raghu,co_reviewed_user,1.0
user::arunkumar_thangasamy,user::jenifer_julie,co_reviewed_user,1.0
user::arunkumar_thangasamy,user::nazeer_hussain__ஒண_ட_ப_ல,co_reviewed_user,1.0
user::arunkumar_thangasamy,user::praise_by_andria_gracious,co_reviewed_user,1.0
user::arunkumar_thangasamy,user::surya_k,co_reviewed_user,1.0
user::jenifer_julie,user::nazeer_hussain__ஒண_ட_ப_ல,co_reviewed_user,1.0
user::jenifer_julie,user::praise_by_andria_gracious,co_reviewed_user,1.0
user::jenifer_julie,user::surya_k,co_reviewed_user,1.0
user::nazeer_hussain__ஒண_ட_ப_ல,user::praise_by_andria_gracious,co_reviewed_user,1.0
user::nazeer_hussain__ஒண_ட_ப_ல,user::surya_k,co_reviewed_user,1.0
user::praise_by_andria_gracious,user::surya_k,co_reviewed_user,1.0
user::046_venkatesh_m_k,user::athul_jeev,co_reviewed_user,1.0
user::046_venkatesh_m_k,user::rakesh_s,co_reviewed_user,1.0
user::046_venkatesh_m_k,user::suresh_jesu,co_reviewed_user,1.0
user::046_venkatesh_m_k,user::vinoth_kumar,co_reviewed_user,1.0
user::athul_jeev,user::rakesh_s,co_reviewed_user,1.0
user::athul_jeev,user::suresh_jesu,co_reviewed_user,1.0
user::athul_jeev,user::vinoth_kumar,co_reviewed_user,1.0
user::rakesh_s,user::suresh_jesu,co_reviewed_user,1.0
user::rakesh_s,user::vinoth_kumar,co_reviewed_user,1.0
user::suresh_jesu,user::vinoth_kumar,co_reviewed_user,1.0
user::vinoth_kumar,user::kumaresan_lakshmanan,co_reviewed_user,1.0
user::vinoth_kumar,user::shyam_sundar,co_reviewed_user,1.0
user::vinoth_kumar,user::yuva_ranjitha,co_reviewed_user,1.0
user::abdul_rahman,user::arunprasath_m,co_reviewed_user,1.0
user::abdul_rahman,user::dr__ramamoorthy_ramu,co_reviewed_user,1.0
user::abdul_rahman,user::kathiravan_piramuthu,co_reviewed_user,1.0
user::abdul_rahman,user::sakthi_prabhu,co_reviewed_user,1.0
user::abdul_rahman,user::george_arunsowriraj,co_reviewed_user,1.0
user::abdul_rahman,user::mohammed_saabiq,co_reviewed_user,1.0
user::abdul_rahman,user::sathya_sachinism,co_reviewed_user,1.0
user::abdul_rahman,user::velayutham_raja,co_reviewed_user,1.0
user::abdul_rahman,user::amirthaprakash_c,co_reviewed_user,1.0
user::abdul_rahman,user::ansaf_muhammed,co_reviewed_user,1.0
user::abdul_rahman,user::anto_navis__techguy,co_reviewed_user,1.0
user::abdul_rahman,user::ponsheela_m,co_reviewed_user,1.0
user::abdul_rahman,user::m_siva_subramanian,co_reviewed_user,1.0
user::abdul_rahman,user::mathan__m,co_reviewed_user,1.0
user::abdul_rahman,user::mukesh_kumar,co_reviewed_user,1.0
user::abdul_rahman,user::sathish_kumar,co_reviewed_user,1.0
user::arunprasath_m,user::dr__ramamoorthy_ramu,co_reviewed_user,1.0
user::arunprasath_m,user::kathiravan_piramuthu,co_reviewed_user,1.0
user::arunprasath_m,user::sakthi_prabhu,co_reviewed_user,1.0
user::dr__ramamoorthy_ramu,user::kathiravan_piramuthu,co_reviewed_user,1.0
user::dr__ramamoorthy_ramu,user::sakthi_prabhu,co_reviewed_user,1.0
user::kathiravan_piramuthu,user::sakthi_prabhu,co_reviewed_user,1.0
user::anfas_salim,user::anoop_kamal,co_reviewed_user,1.0
user::anfas_salim,user::dark_wizard,co_reviewed_user,1.0
user::anfas_salim,user::sree_kumar_a,co_reviewed_user,1.0
user::anoop_kamal,user::dark_wizard,co_reviewed_user,1.0
user::anoop_kamal,user::sree_kumar_a,co_reviewed_user,1.0
user::dark_wizard,user::sree_kumar_a,co_reviewed_user,1.0
user::adv__a_v_avijith,user::anilkumar_mk,co_reviewed_user,1.0
user::adv__a_v_avijith,user::arjuka,co_reviewed_user,1.0
user::adv__a_v_avijith,user::shibin_s_s,co_reviewed_user,1.0
user::adv__a_v_avijith,user::shibu_shibs,co_reviewed_user,1.0
user::anilkumar_mk,user::arjuka,co_reviewed_user,1.0
user::anilkumar_mk,user::shibin_s_s,co_reviewed_user,1.0
user::anilkumar_mk,user::shibu_shibs,co_reviewed_user,1.0
user::arjuka,user::shibin_s_s,co_reviewed_user,1.0
user::arjuka,user::shibu_shibs,co_reviewed_user,1.0
user::arjuka,user::gauthaman_ar,co_reviewed_user,1.0
user::arjuka,user::sailesh_babu,co_reviewed_user,1.0
user::arjuka,user::shriram,co_reviewed_user,1.0
user::arjuka,user::srividhya_rajesh,co_reviewed_user,1.0
user::arjuka,user::b1no,co_reviewed_user,1.0
user::arjuka,user::poulose_ke,co_reviewed_user,1.0
user::arjuka,user::shameer_m_basheer,co_reviewed_user,1.0
user::arjuka,user::شيخ_صفا_سابينا,co_reviewed_user,1.0
user::shibin_s_s,user::shibu_shibs,co_reviewed_user,1.0
user::abdul_ajeeze,user::kasi_rajan,co_reviewed_user,1.0
user::abdul_ajeeze,user::maragatham_j,co_reviewed_user,1.0
user::abdul_ajeeze,user::saravanan_v,co_reviewed_user,1.0
user::abdul_ajeeze,user::world_of_mathematics,co_reviewed_user,1.0
user::kasi_rajan,user::maragatham_j,co_reviewed_user,1.0
user::kasi_rajan,user::saravanan_v,co_reviewed_user,1.0
user::kasi_rajan,user::world_of_mathematics,co_reviewed_user,1.0
user::maragatham_j,user::saravanan_v,co_reviewed_user,1.0
user::maragatham_j,user::world_of_mathematics,co_reviewed_user,1.0
user::saravanan_v,user::world_of_mathematics,co_reviewed_user,1.0
user::aswin_maxwrist,user::beryl_rose,co_reviewed_user,1.0
user::aswin_maxwrist,user::govind_k,co_reviewed_user,1.0
user::aswin_maxwrist,user::nithish_narayanan,co_reviewed_user,1.0
user::aswin_maxwrist,user::sivashankar_r,co_reviewed_user,1.0
user::beryl_rose,user::govind_k,co_reviewed_user,1.0
user::beryl_rose,user::nithish_narayanan,co_reviewed_user,1.0
user::beryl_rose,user::sivashankar_r,co_reviewed_user,1.0
user::govind_k,user::nithish_narayanan,co_reviewed_user,1.0
user::govind_k,user::sivashankar_r,co_reviewed_user,1.0
user::nithish_narayanan,user::sivashankar_r,co_reviewed_user,1.0
user::sivashankar_r,user::j_johnson,co_reviewed_user,1.0
user::sivashankar_r,user::raja_rs,co_reviewed_user,1.0
user::sivashankar_r,user::rengaraj_rengasamy,co_reviewed_user,1.0
user::sivashankar_r,user::vijay_m,co_reviewed_user,1.0
user::david_viniston,user::divya_krishnan,co_reviewed_user,1.0
user::david_viniston,user::prakash_kumar,co_reviewed_user,1.0
user::david_viniston,user::ramesh_sundarrajan,co_reviewed_user,1.0
user::david_viniston,user::senthil_kumar,co_reviewed_user,1.0
user::divya_krishnan,user::prakash_kumar,co_reviewed_user,1.0
user::divya_krishnan,user::ramesh_sundarrajan,co_reviewed_user,1.0
user::divya_krishnan,user::senthil_kumar,co_reviewed_user,1.0
user::prakash_kumar,user::ramesh_sundarrajan,co_reviewed_user,1.0
user::prakash_kumar,user::senthil_kumar,co_reviewed_user,1.0
user::ramesh_sundarrajan,user::senthil_kumar,co_reviewed_user,1.0
user::senthil_kumar,user::ayya_thurai,co_reviewed_user,1.0
user::senthil_kumar,user::dùráī_màddy,co_reviewed_user,1.0
user::senthil_kumar,user::krishnakumar_r,co_reviewed_user,1.0
user::senthil_kumar,user::skf_tech_gurus,co_reviewed_user,1.0
user::kumaresan_lakshmanan,user::shyam_sundar,co_reviewed_user,1.0
user::kumaresan_lakshmanan,user::yuva_ranjitha,co_reviewed_user,1.0
user::kumaresan_lakshmanan,user::anandtvl,co_reviewed_user,1.0
user::kumaresan_lakshmanan,user::antony_stephen,co_reviewed_user,1.0
user::kumaresan_lakshmanan,user::ramakumar_ulaganathan,co_reviewed_user,1.0
user::kumaresan_lakshmanan,user::vinoth_raja_k,co_reviewed_user,1.0
user::shyam_sundar,user::yuva_ranjitha,co_reviewed_user,1.0
user::dinesh_e,user::selva_selva,co_reviewed_user,1.0
user::dinesh_e,user::writer_and_traveller,co_reviewed_user,1.0
user::dinesh_e,user::ச_ர_ந_தர__க_ம_ர,co_reviewed_user,1.0
user::selva_selva,user::writer_and_traveller,co_reviewed_user,1.0
user::selva_selva,user::ச_ர_ந_தர__க_ம_ர,co_reviewed_user,1.0
user::selva_selva,user::abdul_rasith,co_reviewed_user,1.0
user::selva_selva,user::husain_abu_hunaid,co_reviewed_user,1.0
user::selva_selva,user::malik_m,co_reviewed_user,1.0
user::selva_selva,user::mohammed_saleem,co_reviewed_user,1.0
user::writer_and_traveller,user::ச_ர_ந_தர__க_ம_ர,co_reviewed_user,1.0
user::adarsh_a,user::adarsh_p_deep,co_reviewed_user,1.0
user::adarsh_a,user::cradby_cruizer,co_reviewed_user,1.0
user::adarsh_a,user::josh_11,co_reviewed_user,1.0
user::adarsh_a,user::sreenath,co_reviewed_user,1.0
user::adarsh_p_deep,user::cradby_cruizer,co_reviewed_user,1.0
user::adarsh_p_deep,user::josh_11,co_reviewed_user,1.0
user::adarsh_p_deep,user::sreenath,co_reviewed_user,1.0
user::cradby_cruizer,user::josh_11,co_reviewed_user,1.0
user::cradby_cruizer,user::sreenath,co_reviewed_user,1.0
user::josh_11,user::sreenath,co_reviewed_user,1.0
user::abhishek_vijayan,user::bharani_t,co_reviewed_user,1.0
user::abhishek_vijayan,user::karthick,co_reviewed_user,1.0
user::abhishek_vijayan,user::prakash_ntk,co_reviewed_user,1.0
user::abhishek_vijayan,user::praveen_kumar_raja,co_reviewed_user,1.0
user::bharani_t,user::karthick,co_reviewed_user,1.0
user::bharani_t,user::prakash_ntk,co_reviewed_user,1.0
user::bharani_t,user::praveen_kumar_raja,co_reviewed_user,1.0
user::karthick,user::prakash_ntk,co_reviewed_user,1.0
user::karthick,user::praveen_kumar_raja,co_reviewed_user,1.0
user::karthick,user::balaram_das,co_reviewed_user,1.0
user::karthick,user::infant_uva,co_reviewed_user,1.0
user::karthick,user::vignesh_kumar,co_reviewed_user,1.0
user::karthick,user::vishwalingam_m_s,co_reviewed_user,1.0
user::prakash_ntk,user::praveen_kumar_raja,co_reviewed_user,1.0
user::deepak_s,user::mohammad_muneeb,co_reviewed_user,1.0
user::deepak_s,user::nidhin_kumar,co_reviewed_user,1.0
user::deepak_s,user::sajin_murali,co_reviewed_user,1.0
user::deepak_s,user::vishnupriya_v,co_reviewed_user,1.0
user::mohammad_muneeb,user::nidhin_kumar,co_reviewed_user,1.0
user::mohammad_muneeb,user::sajin_murali,co_reviewed_user,1.0
user::mohammad_muneeb,user::vishnupriya_v,co_reviewed_user,1.0
user::nidhin_kumar,user::sajin_murali,co_reviewed_user,1.0
user::nidhin_kumar,user::vishnupriya_v,co_reviewed_user,1.0
user::sajin_murali,user::vishnupriya_v,co_reviewed_user,1.0
user::george_arunsowriraj,user::mohammed_saabiq,co_reviewed_user,1.0
user::george_arunsowriraj,user::sathya_sachinism,co_reviewed_user,1.0
user::george_arunsowriraj,user::velayutham_raja,co_reviewed_user,1.0
user::mohammed_saabiq,user::sathya_sachinism,co_reviewed_user,1.0
user::mohammed_saabiq,user::velayutham_raja,co_reviewed_user,1.0
user::sathya_sachinism,user::velayutham_raja,co_reviewed_user,1.0
user::azhar_muhammed,user::insane_alastor,co_reviewed_user,1.0
user::azhar_muhammed,user::manjunatha_balakrishna,co_reviewed_user,1.0
user::azhar_muhammed,user::vigneshwaran_santharam,co_reviewed_user,1.0
user::azhar_muhammed,user::vishnu_kala,co_reviewed_user,1.0
user::insane_alastor,user::manjunatha_balakrishna,co_reviewed_user,1.0
user::insane_alastor,user::vigneshwaran_santharam,co_reviewed_user,1.0
user::insane_alastor,user::vishnu_kala,co_reviewed_user,1.0
user::manjunatha_balakrishna,user::vigneshwaran_santharam,co_reviewed_user,1.0
user::manjunatha_balakrishna,user::vishnu_kala,co_reviewed_user,1.0
user::vigneshwaran_santharam,user::vishnu_kala,co_reviewed_user,1.0
user::balaji_gunasekaran,user::raja,co_reviewed_user,1.0
user::balaji_gunasekaran,user::selvin_navaraj,co_reviewed_user,1.0
user::balaji_gunasekaran,user::subash,co_reviewed_user,1.0
user::balaji_gunasekaran,user::venkatraman_srinivasan,co_reviewed_user,1.0
user::raja,user::selvin_navaraj,co_reviewed_user,1.0
user::raja,user::subash,co_reviewed_user,1.0
user::raja,user::venkatraman_srinivasan,co_reviewed_user,1.0
user::selvin_navaraj,user::subash,co_reviewed_user,1.0
user::selvin_navaraj,user::venkatraman_srinivasan,co_reviewed_user,1.0
user::subash,user::venkatraman_srinivasan,co_reviewed_user,1.0
user::subash,user::piramanayagam_chellappa,co_reviewed_user,1.0
user::subash,user::rishwanth_karthikeyan,co_reviewed_user,1.0
user::subash,user::udayan_sivaraman,co_reviewed_user,1.0
user::subash,user::vimal_prashanth_molli,co_reviewed_user,1.0
user::anandtvl,user::bala,co_reviewed_user,1.0
user::anandtvl,user::joice_thinakaran,co_reviewed_user,1.0
user::anandtvl,user::nirmalkumar_r,co_reviewed_user,1.0
user::anandtvl,user::wow_farm_house,co_reviewed_user,1.0
user::anandtvl,user::charmathurai_s,co_reviewed_user,1.0
user::anandtvl,user::prince_p_m,co_reviewed_user,1.0
user::anandtvl,user::sai_kumar,co_reviewed_user,1.0
user::anandtvl,user::satish_dhanaraj,co_reviewed_user,1.0
user::anandtvl,user::antony_stephen,co_reviewed_user,1.0
user::anandtvl,user::ramakumar_ulaganathan,co_reviewed_user,1.0
user::anandtvl,user::vinoth_raja_k,co_reviewed_user,1.0
user::bala,user::joice_thinakaran,co_reviewed_user,1.0
user::bala,user::nirmalkumar_r,co_reviewed_user,1.0
user::bala,user::wow_farm_house,co_reviewed_user,1.0
user::joice_thinakaran,user::nirmalkumar_r,co_reviewed_user,1.0
user::joice_thinakaran,user::wow_farm_house,co_reviewed_user,1.0
user::nirmalkumar_r,user::wow_farm_house,co_reviewed_user,1.0
user::divya_premsankar,user::r_a_h_u_l_k_u_m_a_r,co_reviewed_user,1.0
user::divya_premsankar,user::rahul_vs,co_reviewed_user,1.0
user::divya_premsankar,user::sabari_nath_harshan_nair,co_reviewed_user,1.0
user::divya_premsankar,user::vighnesh_syam,co_reviewed_user,1.0
user::r_a_h_u_l_k_u_m_a_r,user::rahul_vs,co_reviewed_user,1.0
user::r_a_h_u_l_k_u_m_a_r,user::sabari_nath_harshan_nair,co_reviewed_user,1.0
user::r_a_h_u_l_k_u_m_a_r,user::vighnesh_syam,co_reviewed_user,1.0
user::rahul_vs,user::sabari_nath_harshan_nair,co_reviewed_user,1.0
user::rahul_vs,user::vighnesh_syam,co_reviewed_user,1.0
user::sabari_nath_harshan_nair,user::vighnesh_syam,co_reviewed_user,1.0
user::muhammed_shah,user::navin_natarajan,co_reviewed_user,1.0
user::muhammed_shah,user::pranav_mohan_das,co_reviewed_user,1.0
user::muhammed_shah,user::shaiju_nazeer,co_reviewed_user,1.0
user::muhammed_shah,user::vijith_uzhamalakkal,co_reviewed_user,1.0
user::navin_natarajan,user::pranav_mohan_das,co_reviewed_user,1.0
user::navin_natarajan,user::shaiju_nazeer,co_reviewed_user,1.0
user::navin_natarajan,user::vijith_uzhamalakkal,co_reviewed_user,1.0
user::pranav_mohan_das,user::shaiju_nazeer,co_reviewed_user,1.0
user::pranav_mohan_das,user::vijith_uzhamalakkal,co_reviewed_user,1.0
user::shaiju_nazeer,user::vijith_uzhamalakkal,co_reviewed_user,1.0
user::adaikal,user::senthil_murugan,co_reviewed_user,1.0
user::adaikal,user::sheela_v,co_reviewed_user,1.0
user::adaikal,user::sorna_r_shankar,co_reviewed_user,1.0
user::adaikal,user::vijaya_ks,co_reviewed_user,1.0
user::senthil_murugan,user::sheela_v,co_reviewed_user,1.0
user::senthil_murugan,user::sorna_r_shankar,co_reviewed_user,1.0
user::senthil_murugan,user::vijaya_ks,co_reviewed_user,1.0
user::sheela_v,user::sorna_r_shankar,co_reviewed_user,1.0
user::sheela_v,user::vijaya_ks,co_reviewed_user,1.0
user::sorna_r_shankar,user::vijaya_ks,co_reviewed_user,1.0
user::abhimanyu_k_r,user::prasanth_t_yadav,co_reviewed_user,1.0
user::abhimanyu_k_r,user::sarath_sasi,co_reviewed_user,1.0
user::abhimanyu_k_r,user::sreehari_v_bhoopesh,co_reviewed_user,1.0
user::abhimanyu_k_r,user::unnikrishnan,co_reviewed_user,1.0
user::prasanth_t_yadav,user::sarath_sasi,co_reviewed_user,1.0
user::prasanth_t_yadav,user::sreehari_v_bhoopesh,co_reviewed_user,1.0
user::prasanth_t_yadav,user::unnikrishnan,co_reviewed_user,1.0
user::sarath_sasi,user::sreehari_v_bhoopesh,co_reviewed_user,1.0
user::sarath_sasi,user::unnikrishnan,co_reviewed_user,1.0
user::sreehari_v_bhoopesh,user::unnikrishnan,co_reviewed_user,1.0
user::biju_r,user::kesavan_aswin,co_reviewed_user,1.0
user::biju_r,user::legendsonly__shop,co_reviewed_user,1.0
user::biju_r,user::santhosh_kumar,co_reviewed_user,1.0
user::biju_r,user::venkatesh_yadhav,co_reviewed_user,1.0
user::kesavan_aswin,user::legendsonly__shop,co_reviewed_user,1.0
user::kesavan_aswin,user::santhosh_kumar,co_reviewed_user,1.0
user::kesavan_aswin,user::venkatesh_yadhav,co_reviewed_user,1.0
user::legendsonly__shop,user::santhosh_kumar,co_reviewed_user,1.0
user::legendsonly__shop,user::venkatesh_yadhav,co_reviewed_user,1.0
user::santhosh_kumar,user::venkatesh_yadhav,co_reviewed_user,1.0
user::santhosh_kumar,user::abdul_kader_a_thahir,co_reviewed_user,1.0
user::santhosh_kumar,user::rajan_m,co_reviewed_user,1.0
user::santhosh_kumar,user::syed_sulaiman,co_reviewed_user,1.0
user::santhosh_kumar,user::ukkasim_shahulhajira,co_reviewed_user,1.0
user::adwaith_krishna,user::jay_ruonoht,co_reviewed_user,1.0
user::adwaith_krishna,user::meshal_joseph,co_reviewed_user,1.0
user::adwaith_krishna,user::mohammed_masood,co_reviewed_user,1.0
user::adwaith_krishna,user::rohith_menon,co_reviewed_user,1.0
user::adwaith_krishna,user::arun_rajan,co_reviewed_user,1.0
user::adwaith_krishna,user::joseph_john_thoppil,co_reviewed_user,1.0
user::adwaith_krishna,user::shimnith_m,co_reviewed_user,1.0
user::adwaith_krishna,user::sinu_mamachen,co_reviewed_user,1.0
user::jay_ruonoht,user::meshal_joseph,co_reviewed_user,1.0
user::jay_ruonoht,user::mohammed_masood,co_reviewed_user,1.0
user::jay_ruonoht,user::rohith_menon,co_reviewed_user,1.0
user::meshal_joseph,user::mohammed_masood,co_reviewed_user,1.0
user::meshal_joseph,user::rohith_menon,co_reviewed_user,1.0
user::mohammed_masood,user::rohith_menon,co_reviewed_user,1.0
user::amirthaprakash_c,user::ansaf_muhammed,co_reviewed_user,1.0
user::amirthaprakash_c,user::anto_navis__techguy,co_reviewed_user,1.0
user::amirthaprakash_c,user::ponsheela_m,co_reviewed_user,1.0
user::ansaf_muhammed,user::anto_navis__techguy,co_reviewed_user,1.0
user::ansaf_muhammed,user::ponsheela_m,co_reviewed_user,1.0
user::anto_navis__techguy,user::ponsheela_m,co_reviewed_user,1.0
user::mahalingam_a,user::mohammed_haris_rahuman_adam,co_reviewed_user,1.0
user::mahalingam_a,user::mohammed_yasin,co_reviewed_user,1.0
user::mahalingam_a,user::sankara_narayanan,co_reviewed_user,1.0
user::mahalingam_a,user::wahshi,co_reviewed_user,1.0
user::mohammed_haris_rahuman_adam,user::mohammed_yasin,co_reviewed_user,1.0
user::mohammed_haris_rahuman_adam,user::sankara_narayanan,co_reviewed_user,1.0
user::mohammed_haris_rahuman_adam,user::wahshi,co_reviewed_user,1.0
user::mohammed_yasin,user::sankara_narayanan,co_reviewed_user,1.0
user::mohammed_yasin,user::wahshi,co_reviewed_user,1.0
user::sankara_narayanan,user::wahshi,co_reviewed_user,1.0
user::anoop_g,user::ja,co_reviewed_user,1.0
user::anoop_g,user::kpmmnr,co_reviewed_user,1.0
user::anoop_g,user::r_sreeram,co_reviewed_user,1.0
user::anoop_g,user::xavier,co_reviewed_user,1.0
user::ja,user::kpmmnr,co_reviewed_user,1.0
user::ja,user::r_sreeram,co_reviewed_user,1.0
user::ja,user::xavier,co_reviewed_user,1.0
user::kpmmnr,user::r_sreeram,co_reviewed_user,1.0
user::kpmmnr,user::xavier,co_reviewed_user,1.0
user::r_sreeram,user::xavier,co_reviewed_user,1.0
user::abey_johnsen,user::parvathy_r,co_reviewed_user,1.0
user::abey_johnsen,user::sajikumar_js,co_reviewed_user,1.0
user::abey_johnsen,user::sreehari_s,co_reviewed_user,1.0
user::parvathy_r,user::sajikumar_js,co_reviewed_user,1.0
user::parvathy_r,user::sreehari_s,co_reviewed_user,1.0
user::sajikumar_js,user::sreehari_s,co_reviewed_user,1.0
user::hari_sundar,user::jonathan_jackson,co_reviewed_user,1.0
user::hari_sundar,user::nlogicx,co_reviewed_user,1.0
user::hari_sundar,user::ramaa_s,co_reviewed_user,1.0
user::hari_sundar,user::siju_mohan,co_reviewed_user,1.0
user::jonathan_jackson,user::nlogicx,co_reviewed_user,1.0
user::jonathan_jackson,user::ramaa_s,co_reviewed_user,1.0
user::jonathan_jackson,user::siju_mohan,co_reviewed_user,1.0
user::nlogicx,user::ramaa_s,co_reviewed_user,1.0
user::nlogicx,user::siju_mohan,co_reviewed_user,1.0
user::ramaa_s,user::siju_mohan,co_reviewed_user,1.0
user::amol_mande,user::r_venkatesan,co_reviewed_user,1.0
user::amol_mande,user::satheesh_kumar,co_reviewed_user,1.0
user::amol_mande,user::shankar_mahadevan,co_reviewed_user,1.0
user::amol_mande,user::siva_chidambaram,co_reviewed_user,1.0
user::amol_mande,user::muthu_kumaran,co_reviewed_user,1.0
user::amol_mande,user::nandhu,co_reviewed_user,1.0
user::amol_mande,user::sandhu_santhakumar,co_reviewed_user,2.0
user::amol_mande,user::santhavel_natarajan,co_reviewed_user,1.0
user::amol_mande,user::mani_kandan,co_reviewed_user,1.0
user::amol_mande,user::ramesh_sekar,co_reviewed_user,1.0
user::amol_mande,user::ratheesh_kannan,co_reviewed_user,1.0
user::r_venkatesan,user::satheesh_kumar,co_reviewed_user,1.0
user::r_venkatesan,user::shankar_mahadevan,co_reviewed_user,1.0
user::r_venkatesan,user::siva_chidambaram,co_reviewed_user,1.0
user::satheesh_kumar,user::shankar_mahadevan,co_reviewed_user,1.0
user::satheesh_kumar,user::siva_chidambaram,co_reviewed_user,1.0
user::shankar_mahadevan,user::siva_chidambaram,co_reviewed_user,1.0
user::irsath_bismi,user::s_p_rajasingh,co_reviewed_user,1.0
user::irsath_bismi,user::sudhakar_godwin,co_reviewed_user,1.0
user::irsath_bismi,user::t_srivarshan,co_reviewed_user,1.0
user::irsath_bismi,user::yasar_ismail__yasar_kmr,co_reviewed_user,1.0
user::s_p_rajasingh,user::sudhakar_godwin,co_reviewed_user,1.0
user::s_p_rajasingh,user::t_srivarshan,co_reviewed_user,1.0
user::s_p_rajasingh,user::yasar_ismail__yasar_kmr,co_reviewed_user,1.0
user::sudhakar_godwin,user::t_srivarshan,co_reviewed_user,1.0
user::sudhakar_godwin,user::yasar_ismail__yasar_kmr,co_reviewed_user,1.0
user::t_srivarshan,user::yasar_ismail__yasar_kmr,co_reviewed_user,1.0
user::muthu_kumaran,user::nandhu,co_reviewed_user,1.0
user::muthu_kumaran,user::sandhu_santhakumar,co_reviewed_user,1.0
user::muthu_kumaran,user::santhavel_natarajan,co_reviewed_user,1.0
user::nandhu,user::sandhu_santhakumar,co_reviewed_user,1.0
user::nandhu,user::santhavel_natarajan,co_reviewed_user,1.0
user::sandhu_santhakumar,user::santhavel_natarajan,co_reviewed_user,1.0
user::sandhu_santhakumar,user::mani_kandan,co_reviewed_user,1.0
user::sandhu_santhakumar,user::ramesh_sekar,co_reviewed_user,1.0
user::sandhu_santhakumar,user::ratheesh_kannan,co_reviewed_user,1.0
user::piramanayagam_chellappa,user::rishwanth_karthikeyan,co_reviewed_user,1.0
user::piramanayagam_chellappa,user::udayan_sivaraman,co_reviewed_user,1.0
user::piramanayagam_chellappa,user::vimal_prashanth_molli,co_reviewed_user,1.0
user::rishwanth_karthikeyan,user::udayan_sivaraman,co_reviewed_user,1.0
user::rishwanth_karthikeyan,user::vimal_prashanth_molli,co_reviewed_user,1.0
user::udayan_sivaraman,user::vimal_prashanth_molli,co_reviewed_user,1.0
user::abu_siddique,user::balaraman_ramachandran,co_reviewed_user,1.0
user::abu_siddique,user::dinesh,co_reviewed_user,1.0
user::abu_siddique,user::lambert_rizario,co_reviewed_user,1.0
user::abu_siddique,user::sha_nawas,co_reviewed_user,1.0
user::balaraman_ramachandran,user::dinesh,co_reviewed_user,1.0
user::balaraman_ramachandran,user::lambert_rizario,co_reviewed_user,1.0
user::balaraman_ramachandran,user::sha_nawas,co_reviewed_user,1.0
user::dinesh,user::lambert_rizario,co_reviewed_user,1.0
user::dinesh,user::sha_nawas,co_reviewed_user,1.0
user::lambert_rizario,user::sha_nawas,co_reviewed_user,1.0
user::anantha_perumal,user::jenil_karthick,co_reviewed_user,1.0
user::anantha_perumal,user::nathan_p,co_reviewed_user,1.0
user::anantha_perumal,user::prabaharan_p,co_reviewed_user,1.0
user::anantha_perumal,user::rajesh_kanna,co_reviewed_user,1.0
user::jenil_karthick,user::nathan_p,co_reviewed_user,1.0
user::jenil_karthick,user::prabaharan_p,co_reviewed_user,1.0
user::jenil_karthick,user::rajesh_kanna,co_reviewed_user,1.0
user::nathan_p,user::prabaharan_p,co_reviewed_user,1.0
user::nathan_p,user::rajesh_kanna,co_reviewed_user,1.0
user::prabaharan_p,user::rajesh_kanna,co_reviewed_user,1.0
user::prabaharan_p,user::arun_unni,co_reviewed_user,1.0
user::prabaharan_p,user::kathiresan_murugan,co_reviewed_user,1.0
user::prabaharan_p,user::kilakarai_foodie_javitheats,co_reviewed_user,1.0
user::prabaharan_p,user::ramanan,co_reviewed_user,1.0
user::rajesh_kanna,user::bharath_r,co_reviewed_user,1.0
user::rajesh_kanna,user::hari_thalapathy,co_reviewed_user,1.0
user::rajesh_kanna,user::jishnu_j,co_reviewed_user,1.0
user::rajesh_kanna,user::sriram_ramakrishnan,co_reviewed_user,1.0
user::bugra_alkan,user::hari_pranav,co_reviewed_user,1.0
user::bugra_alkan,user::saravanan_m,co_reviewed_user,1.0
user::bugra_alkan,user::vimal_kumar,co_reviewed_user,1.0
user::hari_pranav,user::saravanan_m,co_reviewed_user,1.0
user::hari_pranav,user::vimal_kumar,co_reviewed_user,1.0
user::hari_pranav,user::deepika_deeps,co_reviewed_user,1.0
user::hari_pranav,user::dineshwar_nithyanantham,co_reviewed_user,1.0
user::hari_pranav,user::rajavel_r,co_reviewed_user,1.0
user::hari_pranav,user::saravana_kumar,co_reviewed_user,1.0
user::saravanan_m,user::vimal_kumar,co_reviewed_user,1.0
user::ashwin_ashwin,user::rittu_varghese,co_reviewed_user,1.0
user::ashwin_ashwin,user::siva_bala,co_reviewed_user,1.0
user::ashwin_ashwin,user::vinayak_r_nair,co_reviewed_user,1.0
user::ashwin_ashwin,user::yeshwanth_yeshu,co_reviewed_user,1.0
user::ashwin_ashwin,user::chennaivaasi,co_reviewed_user,1.0
user::ashwin_ashwin,user::jamal_jaffer,co_reviewed_user,1.0
user::ashwin_ashwin,user::santhoshkumar,co_reviewed_user,1.0
user::ashwin_ashwin,user::shakti_acharya,co_reviewed_user,1.0
user::rittu_varghese,user::siva_bala,co_reviewed_user,1.0
user::rittu_varghese,user::vinayak_r_nair,co_reviewed_user,1.0
user::rittu_varghese,user::yeshwanth_yeshu,co_reviewed_user,1.0
user::siva_bala,user::vinayak_r_nair,co_reviewed_user,1.0
user::siva_bala,user::yeshwanth_yeshu,co_reviewed_user,1.0
user::vinayak_r_nair,user::yeshwanth_yeshu,co_reviewed_user,1.0
user::mani_kandan,user::ramesh_sekar,co_reviewed_user,1.0
user::mani_kandan,user::ratheesh_kannan,co_reviewed_user,1.0
user::mani_kandan,user::esakki_raj,co_reviewed_user,1.0
user::mani_kandan,user::mani_kandan_s,co_reviewed_user,1.0
user::mani_kandan,user::sakthivel_p,co_reviewed_user,1.0
user::mani_kandan,user::aibin_hawkz,co_reviewed_user,1.0
user::mani_kandan,user::aravindan_sankaranarayanan,co_reviewed_user,1.0
user::mani_kandan,user::dd,co_reviewed_user,1.0
user::mani_kandan,user::giftson_david,co_reviewed_user,1.0
user::ramesh_sekar,user::ratheesh_kannan,co_reviewed_user,1.0
user::akhil_raj,user::muhassin_ps,co_reviewed_user,1.0
user::akhil_raj,user::nithin_sasikumar,co_reviewed_user,1.0
user::akhil_raj,user::solo_traveller,co_reviewed_user,1.0
user::akhil_raj,user::muthukrishnan_shenbagam,co_reviewed_user,1.0
user::akhil_raj,user::rgr_raj_thiyagarajan,co_reviewed_user,1.0
user::akhil_raj,user::santhana_pandi,co_reviewed_user,1.0
user::akhil_raj,user::vj_saba,co_reviewed_user,1.0
user::akhil_raj,user::asr_360,co_reviewed_user,1.0
user::akhil_raj,user::m_chittrarul,co_reviewed_user,1.0
user::akhil_raj,user::rider_47,co_reviewed_user,1.0
user::akhil_raj,user::vigneshkumar_sivakumar,co_reviewed_user,1.0
user::muhassin_ps,user::nithin_sasikumar,co_reviewed_user,1.0
user::muhassin_ps,user::solo_traveller,co_reviewed_user,1.0
user::nithin_sasikumar,user::solo_traveller,co_reviewed_user,1.0
user::amjad_v_k,user::padmaraj_lekshminarayanan,co_reviewed_user,1.0
user::amjad_v_k,user::sai_pranav,co_reviewed_user,1.0
user::amjad_v_k,user::sudhir_kumar,co_reviewed_user,1.0
user::amjad_v_k,user::xavier_augustine,co_reviewed_user,1.0
user::padmaraj_lekshminarayanan,user::sai_pranav,co_reviewed_user,1.0
user::padmaraj_lekshminarayanan,user::sudhir_kumar,co_reviewed_user,1.0
user::padmaraj_lekshminarayanan,user::xavier_augustine,co_reviewed_user,1.0
user::sai_pranav,user::sudhir_kumar,co_reviewed_user,1.0
user::sai_pranav,user::xavier_augustine,co_reviewed_user,1.0
user::sudhir_kumar,user::xavier_augustine,co_reviewed_user,1.0
user::aravind_kumar,user::goutham_dan,co_reviewed_user,1.0
user::aravind_kumar,user::prakash_raj,co_reviewed_user,1.0
user::aravind_kumar,user::r_visveswaran,co_reviewed_user,1.0
user::aravind_kumar,user::v_s,co_reviewed_user,1.0
user::goutham_dan,user::prakash_raj,co_reviewed_user,1.0
user::goutham_dan,user::r_visveswaran,co_reviewed_user,1.0
user::goutham_dan,user::v_s,co_reviewed_user,1.0
user::prakash_raj,user::r_visveswaran,co_reviewed_user,1.0
user::prakash_raj,user::v_s,co_reviewed_user,1.0
user::r_visveswaran,user::v_s,co_reviewed_user,1.0
user::bharathi_k,user::hs,co_reviewed_user,1.0
user::bharathi_k,user::kayalvizhi_g,co_reviewed_user,1.0
user::bharathi_k,user::nandhini_venkatesan,co_reviewed_user,1.0
user::bharathi_k,user::rajalakshmi_ramakrishnan,co_reviewed_user,1.0
user::hs,user::kayalvizhi_g,co_reviewed_user,1.0
user::hs,user::nandhini_venkatesan,co_reviewed_user,1.0
user::hs,user::rajalakshmi_ramakrishnan,co_reviewed_user,1.0
user::kayalvizhi_g,user::nandhini_venkatesan,co_reviewed_user,1.0
user::kayalvizhi_g,user::rajalakshmi_ramakrishnan,co_reviewed_user,1.0
user::nandhini_venkatesan,user::rajalakshmi_ramakrishnan,co_reviewed_user,1.0
user::nagalakshmi_r,user::richard,co_reviewed_user,1.0
user::nagalakshmi_r,user::sanju_j_suresh,co_reviewed_user,1.0
user::nagalakshmi_r,user::sathiya_selvam_t,co_reviewed_user,1.0
user::nagalakshmi_r,user::syed_sha_hussain,co_reviewed_user,1.0
user::richard,user::sanju_j_suresh,co_reviewed_user,1.0
user::richard,user::sathiya_selvam_t,co_reviewed_user,1.0
user::richard,user::syed_sha_hussain,co_reviewed_user,1.0
user::sanju_j_suresh,user::sathiya_selvam_t,co_reviewed_user,1.0
user::sanju_j_suresh,user::syed_sha_hussain,co_reviewed_user,1.0
user::sathiya_selvam_t,user::syed_sha_hussain,co_reviewed_user,1.0
user::abe_alex,user::christian_brother,co_reviewed_user,1.0
user::abe_alex,user::karthick_sudarsan,co_reviewed_user,1.0
user::abe_alex,user::pooja_r,co_reviewed_user,1.0
user::abe_alex,user::sel_vam,co_reviewed_user,1.0
user::christian_brother,user::karthick_sudarsan,co_reviewed_user,1.0
user::christian_brother,user::pooja_r,co_reviewed_user,1.0
user::christian_brother,user::sel_vam,co_reviewed_user,1.0
user::karthick_sudarsan,user::pooja_r,co_reviewed_user,1.0
user::karthick_sudarsan,user::sel_vam,co_reviewed_user,1.0
user::pooja_r,user::sel_vam,co_reviewed_user,1.0
user::aravind_ranganathan,user::shuaib_sherafudheen,co_reviewed_user,1.0
user::aravind_ranganathan,user::tamil_trek_travel,co_reviewed_user,1.0
user::aravind_ranganathan,user::thrilokbabu_darisa,co_reviewed_user,1.0
user::aravind_ranganathan,user::vijayakumar_periyasamy,co_reviewed_user,1.0
user::shuaib_sherafudheen,user::tamil_trek_travel,co_reviewed_user,1.0
user::shuaib_sherafudheen,user::thrilokbabu_darisa,co_reviewed_user,1.0
user::shuaib_sherafudheen,user::vijayakumar_periyasamy,co_reviewed_user,1.0
user::tamil_trek_travel,user::thrilokbabu_darisa,co_reviewed_user,1.0
user::tamil_trek_travel,user::vijayakumar_periyasamy,co_reviewed_user,1.0
user::thrilokbabu_darisa,user::vijayakumar_periyasamy,co_reviewed_user,1.0
user::anton_antony,user::jesu_kumar,co_reviewed_user,1.0
user::anton_antony,user::muthukrishnan_shenbagam,co_reviewed_user,1.0
user::anton_antony,user::shyam_anton,co_reviewed_user,1.0
user::anton_antony,user::sylvia_anita,co_reviewed_user,1.0
user::jesu_kumar,user::muthukrishnan_shenbagam,co_reviewed_user,1.0
user::jesu_kumar,user::shyam_anton,co_reviewed_user,1.0
user::jesu_kumar,user::sylvia_anita,co_reviewed_user,1.0
user::muthukrishnan_shenbagam,user::shyam_anton,co_reviewed_user,1.0
user::muthukrishnan_shenbagam,user::sylvia_anita,co_reviewed_user,1.0
user::muthukrishnan_shenbagam,user::aneesh_antony,co_reviewed_user,1.0
user::muthukrishnan_shenbagam,user::bearded_traveller,co_reviewed_user,1.0
user::muthukrishnan_shenbagam,user::mulshankar_shiv,co_reviewed_user,1.0
user::muthukrishnan_shenbagam,user::sathish_maravan,co_reviewed_user,1.0
user::muthukrishnan_shenbagam,user::rgr_raj_thiyagarajan,co_reviewed_user,1.0
user::muthukrishnan_shenbagam,user::santhana_pandi,co_reviewed_user,1.0
user::muthukrishnan_shenbagam,user::vj_saba,co_reviewed_user,1.0
user::shyam_anton,user::sylvia_anita,co_reviewed_user,1.0
user::derrick_f,user::karthick_baskaran,co_reviewed_user,1.0
user::derrick_f,user::pradeep_b_a,co_reviewed_user,1.0
user::derrick_f,user::vijay_r,co_reviewed_user,1.0
user::derrick_f,user::vinoth_sk,co_reviewed_user,1.0
user::karthick_baskaran,user::pradeep_b_a,co_reviewed_user,1.0
user::karthick_baskaran,user::vijay_r,co_reviewed_user,1.0
user::karthick_baskaran,user::vinoth_sk,co_reviewed_user,1.0
user::pradeep_b_a,user::vijay_r,co_reviewed_user,1.0
user::pradeep_b_a,user::vinoth_sk,co_reviewed_user,1.0
user::vijay_r,user::vinoth_sk,co_reviewed_user,1.0
user::aby_mathew_rajan,user::akhil_thomas,co_reviewed_user,1.0
user::aby_mathew_rajan,user::anantha_krishnan_s_s,co_reviewed_user,1.0
user::aby_mathew_rajan,user::aneesh_antony,co_reviewed_user,1.0
user::aby_mathew_rajan,user::sanoop_suresh,co_reviewed_user,1.0
user::akhil_thomas,user::anantha_krishnan_s_s,co_reviewed_user,1.0
user::akhil_thomas,user::aneesh_antony,co_reviewed_user,1.0
user::akhil_thomas,user::sanoop_suresh,co_reviewed_user,1.0
user::anantha_krishnan_s_s,user::aneesh_antony,co_reviewed_user,1.0
user::anantha_krishnan_s_s,user::sanoop_suresh,co_reviewed_user,1.0
user::aneesh_antony,user::sanoop_suresh,co_reviewed_user,1.0
user::aneesh_antony,user::abishek_arumugam,co_reviewed_user,1.0
user::aneesh_antony,user::arumugam_k,co_reviewed_user,1.0
user::aneesh_antony,user::hari_krishnan_r_k,co_reviewed_user,1.0
user::aneesh_antony,user::nice_johny,co_reviewed_user,1.0
user::aneesh_antony,user::bearded_traveller,co_reviewed_user,1.0
user::aneesh_antony,user::mulshankar_shiv,co_reviewed_user,1.0
user::aneesh_antony,user::sathish_maravan,co_reviewed_user,1.0
user::chennaivaasi,user::jamal_jaffer,co_reviewed_user,1.0
user::chennaivaasi,user::santhoshkumar,co_reviewed_user,1.0
user::chennaivaasi,user::shakti_acharya,co_reviewed_user,1.0
user::jamal_jaffer,user::santhoshkumar,co_reviewed_user,1.0
user::jamal_jaffer,user::shakti_acharya,co_reviewed_user,1.0
user::santhoshkumar,user::shakti_acharya,co_reviewed_user,1.0
user::j_johnson,user::raja_rs,co_reviewed_user,1.0
user::j_johnson,user::rengaraj_rengasamy,co_reviewed_user,1.0
user::j_johnson,user::vijay_m,co_reviewed_user,1.0
user::raja_rs,user::rengaraj_rengasamy,co_reviewed_user,1.0
user::raja_rs,user::vijay_m,co_reviewed_user,1.0
user::rengaraj_rengasamy,user::vijay_m,co_reviewed_user,1.0
user::deepika_deeps,user::dineshwar_nithyanantham,co_reviewed_user,1.0
user::deepika_deeps,user::rajavel_r,co_reviewed_user,1.0
user::deepika_deeps,user::saravana_kumar,co_reviewed_user,1.0
user::dineshwar_nithyanantham,user::rajavel_r,co_reviewed_user,1.0
user::dineshwar_nithyanantham,user::saravana_kumar,co_reviewed_user,1.0
user::rajavel_r,user::saravana_kumar,co_reviewed_user,1.0
user::gauthaman_ar,user::sailesh_babu,co_reviewed_user,1.0
user::gauthaman_ar,user::shriram,co_reviewed_user,1.0
user::gauthaman_ar,user::srividhya_rajesh,co_reviewed_user,1.0
user::sailesh_babu,user::shriram,co_reviewed_user,1.0
user::sailesh_babu,user::srividhya_rajesh,co_reviewed_user,1.0
user::shriram,user::srividhya_rajesh,co_reviewed_user,1.0
user::nadarajan_muthukumarasamy,user::ramakrishnan_v,co_reviewed_user,1.0
user::nadarajan_muthukumarasamy,user::sethu_m,co_reviewed_user,1.0
user::ramakrishnan_v,user::sethu_m,co_reviewed_user,1.0
user::kareem_kani,user::sabari_ram,co_reviewed_user,1.0
user::kareem_kani,user::shamsudeen_makthum,co_reviewed_user,1.0
user::kareem_kani,user::sudar_pillai,co_reviewed_user,1.0
user::kareem_kani,user::vimal_m,co_reviewed_user,1.0
user::sabari_ram,user::shamsudeen_makthum,co_reviewed_user,1.0
user::sabari_ram,user::sudar_pillai,co_reviewed_user,1.0
user::sabari_ram,user::vimal_m,co_reviewed_user,1.0
user::shamsudeen_makthum,user::sudar_pillai,co_reviewed_user,1.0
user::shamsudeen_makthum,user::vimal_m,co_reviewed_user,1.0
user::sudar_pillai,user::vimal_m,co_reviewed_user,1.0
user::esakki_raj,user::mani_kandan_s,co_reviewed_user,1.0
user::esakki_raj,user::sakthivel_p,co_reviewed_user,1.0
user::mani_kandan_s,user::sakthivel_p,co_reviewed_user,1.0
user::abhishek,user::aravind_r,co_reviewed_user,1.0
user::abhishek,user::deepa_rahul_easwar,co_reviewed_user,1.0
user::abhishek,user::jophin,co_reviewed_user,1.0
user::abhishek,user::suganya_nishanth,co_reviewed_user,1.0
user::aravind_r,user::deepa_rahul_easwar,co_reviewed_user,1.0
user::aravind_r,user::jophin,co_reviewed_user,1.0
user::aravind_r,user::suganya_nishanth,co_reviewed_user,1.0
user::deepa_rahul_easwar,user::jophin,co_reviewed_user,1.0
user::deepa_rahul_easwar,user::suganya_nishanth,co_reviewed_user,1.0
user::jophin,user::suganya_nishanth,co_reviewed_user,1.0
user::anish_sudhakaran,user::jaison_thomas,co_reviewed_user,1.0
user::anish_sudhakaran,user::nabeel_ahmed,co_reviewed_user,1.0
user::anish_sudhakaran,user::prathiush_p,co_reviewed_user,1.0
user::anish_sudhakaran,user::s_natarajan,co_reviewed_user,1.0
user::jaison_thomas,user::nabeel_ahmed,co_reviewed_user,1.0
user::jaison_thomas,user::prathiush_p,co_reviewed_user,1.0
user::jaison_thomas,user::s_natarajan,co_reviewed_user,1.0
user::nabeel_ahmed,user::prathiush_p,co_reviewed_user,1.0
user::nabeel_ahmed,user::s_natarajan,co_reviewed_user,1.0
user::prathiush_p,user::s_natarajan,co_reviewed_user,1.0
user::ashwath_shiva,user::dr__raguram_urologist,co_reviewed_user,1.0
user::ashwath_shiva,user::isakki_muthu,co_reviewed_user,1.0
user::ashwath_shiva,user::marudhu_subash,co_reviewed_user,1.0
user::ashwath_shiva,user::sivaguru_jeyakkumar,co_reviewed_user,1.0
user::dr__raguram_urologist,user::isakki_muthu,co_reviewed_user,1.0
user::dr__raguram_urologist,user::marudhu_subash,co_reviewed_user,1.0
user::dr__raguram_urologist,user::sivaguru_jeyakkumar,co_reviewed_user,1.0
user::isakki_muthu,user::marudhu_subash,co_reviewed_user,1.0
user::isakki_muthu,user::sivaguru_jeyakkumar,co_reviewed_user,1.0
user::marudhu_subash,user::sivaguru_jeyakkumar,co_reviewed_user,1.0
user::mahadevan_vicky,user::sabharinath_sureshkumar,co_reviewed_user,1.0
user::mahadevan_vicky,user::senthil_arumugam,co_reviewed_user,1.0
user::mahadevan_vicky,user::shajan_mano,co_reviewed_user,1.0
user::mahadevan_vicky,user::t_s_king001_king,co_reviewed_user,1.0
user::sabharinath_sureshkumar,user::senthil_arumugam,co_reviewed_user,1.0
user::sabharinath_sureshkumar,user::shajan_mano,co_reviewed_user,1.0
user::sabharinath_sureshkumar,user::t_s_king001_king,co_reviewed_user,1.0
user::senthil_arumugam,user::shajan_mano,co_reviewed_user,1.0
user::senthil_arumugam,user::t_s_king001_king,co_reviewed_user,1.0
user::shajan_mano,user::t_s_king001_king,co_reviewed_user,1.0
user::bharath_r,user::hari_thalapathy,co_reviewed_user,1.0
user::bharath_r,user::jishnu_j,co_reviewed_user,1.0
user::bharath_r,user::sriram_ramakrishnan,co_reviewed_user,1.0
user::hari_thalapathy,user::jishnu_j,co_reviewed_user,1.0
user::hari_thalapathy,user::sriram_ramakrishnan,co_reviewed_user,1.0
user::jishnu_j,user::sriram_ramakrishnan,co_reviewed_user,1.0
user::balaram_das,user::infant_uva,co_reviewed_user,1.0
user::balaram_das,user::vignesh_kumar,co_reviewed_user,1.0
user::balaram_das,user::vishwalingam_m_s,co_reviewed_user,1.0
user::infant_uva,user::vignesh_kumar,co_reviewed_user,1.0
user::infant_uva,user::vishwalingam_m_s,co_reviewed_user,1.0
user::vignesh_kumar,user::vishwalingam_m_s,co_reviewed_user,1.0
user::manueeé,user::nidhin_d,co_reviewed_user,1.0
user::manueeé,user::sagar_sadanandan,co_reviewed_user,1.0
user::manueeé,user::velayudhan_vijayan,co_reviewed_user,1.0
user::nidhin_d,user::sagar_sadanandan,co_reviewed_user,1.0
user::nidhin_d,user::velayudhan_vijayan,co_reviewed_user,1.0
user::sagar_sadanandan,user::velayudhan_vijayan,co_reviewed_user,1.0
user::haribaskar_k,user::kailash_kattalay,co_reviewed_user,1.0
user::haribaskar_k,user::rgr_raj_thiyagarajan,co_reviewed_user,1.0
user::haribaskar_k,user::tamil_selvan,co_reviewed_user,1.0
user::haribaskar_k,user::vignesh_m_k_v_family,co_reviewed_user,1.0
user::kailash_kattalay,user::rgr_raj_thiyagarajan,co_reviewed_user,1.0
user::kailash_kattalay,user::tamil_selvan,co_reviewed_user,1.0
user::kailash_kattalay,user::vignesh_m_k_v_family,co_reviewed_user,1.0
user::rgr_raj_thiyagarajan,user::tamil_selvan,co_reviewed_user,1.0
user::rgr_raj_thiyagarajan,user::vignesh_m_k_v_family,co_reviewed_user,1.0
user::rgr_raj_thiyagarajan,user::santhana_pandi,co_reviewed_user,1.0
user::rgr_raj_thiyagarajan,user::vj_saba,co_reviewed_user,1.0
user::tamil_selvan,user::vignesh_m_k_v_family,co_reviewed_user,1.0
user::abdul_hameed,user::senthil_vel,co_reviewed_user,1.0
user::abdul_hameed,user::shiva,co_reviewed_user,1.0
user::abdul_hameed,user::thiruramalingam_s,co_reviewed_user,1.0
user::abdul_hameed,user::veera_pandian,co_reviewed_user,1.0
user::senthil_vel,user::shiva,co_reviewed_user,1.0
user::senthil_vel,user::thiruramalingam_s,co_reviewed_user,1.0
user::senthil_vel,user::veera_pandian,co_reviewed_user,1.0
user::shiva,user::thiruramalingam_s,co_reviewed_user,1.0
user::shiva,user::veera_pandian,co_reviewed_user,1.0
user::thiruramalingam_s,user::veera_pandian,co_reviewed_user,1.0
user::abraham_rahul,user::alagu_selvam_s,co_reviewed_user,1.0
user::abraham_rahul,user::dr_dileep_m_k,co_reviewed_user,1.0
user::abraham_rahul,user::madhuravani_b,co_reviewed_user,1.0
user::abraham_rahul,user::navaneetha_krishnan_v,co_reviewed_user,1.0
user::alagu_selvam_s,user::dr_dileep_m_k,co_reviewed_user,1.0
user::alagu_selvam_s,user::madhuravani_b,co_reviewed_user,1.0
user::alagu_selvam_s,user::navaneetha_krishnan_v,co_reviewed_user,1.0
user::dr_dileep_m_k,user::madhuravani_b,co_reviewed_user,1.0
user::dr_dileep_m_k,user::navaneetha_krishnan_v,co_reviewed_user,1.0
user::madhuravani_b,user::navaneetha_krishnan_v,co_reviewed_user,1.0
user::christy_sam,user::day_dreamer_s,co_reviewed_user,1.0
user::christy_sam,user::imran_khan,co_reviewed_user,1.0
user::christy_sam,user::shunmuganathan_t,co_reviewed_user,1.0
user::christy_sam,user::ப_ரக_ஷ__மண__prakash_mani,co_reviewed_user,1.0
user::day_dreamer_s,user::imran_khan,co_reviewed_user,1.0
user::day_dreamer_s,user::shunmuganathan_t,co_reviewed_user,1.0
user::day_dreamer_s,user::ப_ரக_ஷ__மண__prakash_mani,co_reviewed_user,1.0
user::imran_khan,user::shunmuganathan_t,co_reviewed_user,1.0
user::imran_khan,user::ப_ரக_ஷ__மண__prakash_mani,co_reviewed_user,1.0
user::shunmuganathan_t,user::ப_ரக_ஷ__மண__prakash_mani,co_reviewed_user,1.0
user::ajay_raj,user::hareesh_r,co_reviewed_user,1.0
user::ajay_raj,user::kalyana_sundaram,co_reviewed_user,1.0
user::ajay_raj,user::maheshs,co_reviewed_user,1.0
user::ajay_raj,user::nishanth_kb,co_reviewed_user,1.0
user::hareesh_r,user::kalyana_sundaram,co_reviewed_user,1.0
user::hareesh_r,user::maheshs,co_reviewed_user,1.0
user::hareesh_r,user::nishanth_kb,co_reviewed_user,1.0
user::kalyana_sundaram,user::maheshs,co_reviewed_user,1.0
user::kalyana_sundaram,user::nishanth_kb,co_reviewed_user,1.0
user::maheshs,user::nishanth_kb,co_reviewed_user,1.0
user::abdul_kader,user::compass_clock,co_reviewed_user,1.0
user::abdul_kader,user::kamaludeen_kamal,co_reviewed_user,1.0
user::abdul_kader,user::sulaiman_syed,co_reviewed_user,1.0
user::abdul_kader,user::syed_mohammed_hussain,co_reviewed_user,1.0
user::abdul_kader,user::afzal,co_reviewed_user,1.0
user::abdul_kader,user::kumar,co_reviewed_user,1.0
user::abdul_kader,user::patta_varayan,co_reviewed_user,1.0
user::abdul_kader,user::த_ன_ப_ண_ட__தம_ழன__சரவணன,co_reviewed_user,1.0
user::compass_clock,user::kamaludeen_kamal,co_reviewed_user,1.0
user::compass_clock,user::sulaiman_syed,co_reviewed_user,1.0
user::compass_clock,user::syed_mohammed_hussain,co_reviewed_user,1.0
user::kamaludeen_kamal,user::sulaiman_syed,co_reviewed_user,1.0
user::kamaludeen_kamal,user::syed_mohammed_hussain,co_reviewed_user,1.0
user::sulaiman_syed,user::syed_mohammed_hussain,co_reviewed_user,1.0
user::b1no,user::poulose_ke,co_reviewed_user,1.0
user::b1no,user::shameer_m_basheer,co_reviewed_user,1.0
user::b1no,user::شيخ_صفا_سابينا,co_reviewed_user,1.0
user::poulose_ke,user::shameer_m_basheer,co_reviewed_user,1.0
user::poulose_ke,user::شيخ_صفا_سابينا,co_reviewed_user,1.0
user::shameer_m_basheer,user::شيخ_صفا_سابينا,co_reviewed_user,1.0
user::abishek_arumugam,user::arumugam_k,co_reviewed_user,1.0
user::abishek_arumugam,user::hari_krishnan_r_k,co_reviewed_user,1.0
user::abishek_arumugam,user::nice_johny,co_reviewed_user,1.0
user::arumugam_k,user::hari_krishnan_r_k,co_reviewed_user,1.0
user::arumugam_k,user::nice_johny,co_reviewed_user,1.0
user::hari_krishnan_r_k,user::nice_johny,co_reviewed_user,1.0
user::ajc,user::roby_soni,co_reviewed_user,1.0
user::ajc,user::saroj,co_reviewed_user,1.0
user::ajc,user::sree_nath,co_reviewed_user,1.0
user::roby_soni,user::saroj,co_reviewed_user,1.0
user::roby_soni,user::sree_nath,co_reviewed_user,1.0
user::saroj,user::sree_nath,co_reviewed_user,1.0
user::bearded_traveller,user::mulshankar_shiv,co_reviewed_user,1.0
user::bearded_traveller,user::sathish_maravan,co_reviewed_user,1.0
user::mulshankar_shiv,user::sathish_maravan,co_reviewed_user,1.0
user::ilakiyaa_thangam,user::kanagaraj_a,co_reviewed_user,1.0
user::ilakiyaa_thangam,user::rajesh___a_genuine_jaunts,co_reviewed_user,1.0
user::ilakiyaa_thangam,user::sundari_pashupati,co_reviewed_user,1.0
user::ilakiyaa_thangam,user::suresh_kannan,co_reviewed_user,1.0
user::kanagaraj_a,user::rajesh___a_genuine_jaunts,co_reviewed_user,1.0
user::kanagaraj_a,user::sundari_pashupati,co_reviewed_user,1.0
user::kanagaraj_a,user::suresh_kannan,co_reviewed_user,1.0
user::rajesh___a_genuine_jaunts,user::sundari_pashupati,co_reviewed_user,1.0
user::rajesh___a_genuine_jaunts,user::suresh_kannan,co_reviewed_user,1.0
user::sundari_pashupati,user::suresh_kannan,co_reviewed_user,1.0
user::bass_bk_carving,user::monstermani,co_reviewed_user,1.0
user::bass_bk_carving,user::shanthanam_mari,co_reviewed_user,1.0
user::bass_bk_carving,user::sriram_saran__picturescollections,co_reviewed_user,1.0
user::bass_bk_carving,user::surya_pravin,co_reviewed_user,1.0
user::monstermani,user::shanthanam_mari,co_reviewed_user,1.0
user::monstermani,user::sriram_saran__picturescollections,co_reviewed_user,1.0
user::monstermani,user::surya_pravin,co_reviewed_user,1.0
user::shanthanam_mari,user::sriram_saran__picturescollections,co_reviewed_user,1.0
user::shanthanam_mari,user::surya_pravin,co_reviewed_user,1.0
user::sriram_saran__picturescollections,user::surya_pravin,co_reviewed_user,1.0
user::kishore_kumar,user::mari_mariappan,co_reviewed_user,1.0
user::kishore_kumar,user::shanmuga_vel,co_reviewed_user,1.0
user::kishore_kumar,user::tanishq_vasanth,co_reviewed_user,1.0
user::kishore_kumar,user::xyz_abc,co_reviewed_user,1.0
user::mari_mariappan,user::shanmuga_vel,co_reviewed_user,1.0
user::mari_mariappan,user::tanishq_vasanth,co_reviewed_user,1.0
user::mari_mariappan,user::xyz_abc,co_reviewed_user,1.0
user::shanmuga_vel,user::tanishq_vasanth,co_reviewed_user,1.0
user::shanmuga_vel,user::xyz_abc,co_reviewed_user,1.0
user::tanishq_vasanth,user::xyz_abc,co_reviewed_user,1.0
user::baskaran_lakshmanan,user::haji_home_colletion,co_reviewed_user,1.0
user::baskaran_lakshmanan,user::muthu_kumar,co_reviewed_user,1.0
user::baskaran_lakshmanan,user::natarajan_raman,co_reviewed_user,1.0
user::baskaran_lakshmanan,user::salamon_raja,co_reviewed_user,1.0
user::haji_home_colletion,user::muthu_kumar,co_reviewed_user,1.0
user::haji_home_colletion,user::natarajan_raman,co_reviewed_user,1.0
user::haji_home_colletion,user::salamon_raja,co_reviewed_user,1.0
user::muthu_kumar,user::natarajan_raman,co_reviewed_user,1.0
user::muthu_kumar,user::salamon_raja,co_reviewed_user,1.0
user::natarajan_raman,user::salamon_raja,co_reviewed_user,1.0
user::akhil_das,user::aswin,co_reviewed_user,1.0
user::akhil_das,user::rahul_hari,co_reviewed_user,1.0
user::akhil_das,user::raji_ramya,co_reviewed_user,1.0
user::aswin,user::rahul_hari,co_reviewed_user,1.0
user::aswin,user::raji_ramya,co_reviewed_user,1.0
user::rahul_hari,user::raji_ramya,co_reviewed_user,1.0
user::arun_unni,user::kathiresan_murugan,co_reviewed_user,1.0
user::arun_unni,user::kilakarai_foodie_javitheats,co_reviewed_user,1.0
user::arun_unni,user::ramanan,co_reviewed_user,1.0
user::kathiresan_murugan,user::kilakarai_foodie_javitheats,co_reviewed_user,1.0
user::kathiresan_murugan,user::ramanan,co_reviewed_user,1.0
user::kilakarai_foodie_javitheats,user::ramanan,co_reviewed_user,1.0
user::ramanan,user::bhagavathi_raja_bagavathi,co_reviewed_user,1.0
user::ramanan,user::prem_raj,co_reviewed_user,1.0
user::ramanan,user::saqlain_mushtaq,co_reviewed_user,1.0
user::ramanan,user::vk_ohmprakash,co_reviewed_user,1.0
user::a_v_bhaskar,user::arun_suresh_n,co_reviewed_user,1.0
user::a_v_bhaskar,user::inba_ganesh,co_reviewed_user,1.0
user::a_v_bhaskar,user::purushothaman_nandagopalan,co_reviewed_user,1.0
user::a_v_bhaskar,user::sivanesan_siva,co_reviewed_user,1.0
user::arun_suresh_n,user::inba_ganesh,co_reviewed_user,1.0
user::arun_suresh_n,user::purushothaman_nandagopalan,co_reviewed_user,1.0
user::arun_suresh_n,user::sivanesan_siva,co_reviewed_user,1.0
user::inba_ganesh,user::purushothaman_nandagopalan,co_reviewed_user,1.0
user::inba_ganesh,user::sivanesan_siva,co_reviewed_user,1.0
user::purushothaman_nandagopalan,user::sivanesan_siva,co_reviewed_user,1.0
user::iyyappan_h,user::mass_vijay,co_reviewed_user,1.0
user::iyyappan_h,user::rajaessaky,co_reviewed_user,1.0
user::iyyappan_h,user::shamngasundaram,co_reviewed_user,1.0
user::iyyappan_h,user::thirumalai_ramanujam,co_reviewed_user,1.0
user::mass_vijay,user::rajaessaky,co_reviewed_user,1.0
user::mass_vijay,user::shamngasundaram,co_reviewed_user,1.0
user::mass_vijay,user::thirumalai_ramanujam,co_reviewed_user,1.0
user::rajaessaky,user::shamngasundaram,co_reviewed_user,1.0
user::rajaessaky,user::thirumalai_ramanujam,co_reviewed_user,1.0
user::shamngasundaram,user::thirumalai_ramanujam,co_reviewed_user,1.0
user::santhana_pandi,user::vj_saba,co_reviewed_user,1.0
user::arun_rajan,user::joseph_john_thoppil,co_reviewed_user,1.0
user::arun_rajan,user::shimnith_m,co_reviewed_user,1.0
user::arun_rajan,user::sinu_mamachen,co_reviewed_user,1.0
user::joseph_john_thoppil,user::shimnith_m,co_reviewed_user,1.0
user::joseph_john_thoppil,user::sinu_mamachen,co_reviewed_user,1.0
user::shimnith_m,user::sinu_mamachen,co_reviewed_user,1.0
user::muthukrishnan_dawson,user::raja_lakshmi,co_reviewed_user,1.0
user::muthukrishnan_dawson,user::rama_chandran,co_reviewed_user,1.0
user::muthukrishnan_dawson,user::sankaralingam_v,co_reviewed_user,1.0
user::muthukrishnan_dawson,user::v_s__keerthana,co_reviewed_user,1.0
user::raja_lakshmi,user::rama_chandran,co_reviewed_user,1.0
user::raja_lakshmi,user::sankaralingam_v,co_reviewed_user,1.0
user::raja_lakshmi,user::v_s__keerthana,co_reviewed_user,1.0
user::rama_chandran,user::sankaralingam_v,co_reviewed_user,1.0
user::rama_chandran,user::v_s__keerthana,co_reviewed_user,1.0
user::sankaralingam_v,user::v_s__keerthana,co_reviewed_user,1.0
user::bharath_siva,user::karthikeyan_sundararaj,co_reviewed_user,1.0
user::bharath_siva,user::madhusudhanan__j,co_reviewed_user,1.0
user::bharath_siva,user::selva,co_reviewed_user,1.0
user::bharath_siva,user::venkatesh_a,co_reviewed_user,1.0
user::karthikeyan_sundararaj,user::madhusudhanan__j,co_reviewed_user,1.0
user::karthikeyan_sundararaj,user::selva,co_reviewed_user,1.0
user::karthikeyan_sundararaj,user::venkatesh_a,co_reviewed_user,1.0
user::madhusudhanan__j,user::selva,co_reviewed_user,1.0
user::madhusudhanan__j,user::venkatesh_a,co_reviewed_user,1.0
user::selva,user::venkatesh_a,co_reviewed_user,1.0
user::amy_seb,user::peter_john,co_reviewed_user,1.0
user::amy_seb,user::rahla_sherin_pv,co_reviewed_user,1.0
user::amy_seb,user::rejimon_a_r,co_reviewed_user,1.0
user::amy_seb,user::syam_kumar,co_reviewed_user,1.0
user::peter_john,user::rahla_sherin_pv,co_reviewed_user,1.0
user::peter_john,user::rejimon_a_r,co_reviewed_user,1.0
user::peter_john,user::syam_kumar,co_reviewed_user,1.0
user::rahla_sherin_pv,user::rejimon_a_r,co_reviewed_user,1.0
user::rahla_sherin_pv,user::syam_kumar,co_reviewed_user,1.0
user::rejimon_a_r,user::syam_kumar,co_reviewed_user,1.0
user::athi_narayanan,user::barani_selvam,co_reviewed_user,1.0
user::athi_narayanan,user::john_luther,co_reviewed_user,1.0
user::athi_narayanan,user::neshdi_dth,co_reviewed_user,1.0
user::athi_narayanan,user::suthan_bala,co_reviewed_user,1.0
user::barani_selvam,user::john_luther,co_reviewed_user,1.0
user::barani_selvam,user::neshdi_dth,co_reviewed_user,1.0
user::barani_selvam,user::suthan_bala,co_reviewed_user,1.0
user::john_luther,user::neshdi_dth,co_reviewed_user,1.0
user::john_luther,user::suthan_bala,co_reviewed_user,1.0
user::neshdi_dth,user::suthan_bala,co_reviewed_user,1.0
user::gold_prabhu,user::jeya_balaji,co_reviewed_user,1.0
user::gold_prabhu,user::ramajeyam_ramajeyam,co_reviewed_user,1.0
user::gold_prabhu,user::sivalingaraja_kaliappan,co_reviewed_user,1.0
user::gold_prabhu,user::thavasikumar_c,co_reviewed_user,1.0
user::jeya_balaji,user::ramajeyam_ramajeyam,co_reviewed_user,1.0
user::jeya_balaji,user::sivalingaraja_kaliappan,co_reviewed_user,1.0
user::jeya_balaji,user::thavasikumar_c,co_reviewed_user,1.0
user::ramajeyam_ramajeyam,user::sivalingaraja_kaliappan,co_reviewed_user,1.0
user::ramajeyam_ramajeyam,user::thavasikumar_c,co_reviewed_user,1.0
user::sivalingaraja_kaliappan,user::thavasikumar_c,co_reviewed_user,1.0
user::thavasikumar_c,user::ambrose_jesuraj,co_reviewed_user,1.0
user::thavasikumar_c,user::govindharajan_sahadevan,co_reviewed_user,1.0
user::thavasikumar_c,user::murugan_c,co_reviewed_user,1.0
user::thavasikumar_c,user::sivaraj_tks,co_reviewed_user,1.0
user::asr_360,user::m_chittrarul,co_reviewed_user,1.0
user::asr_360,user::rider_47,co_reviewed_user,1.0
user::asr_360,user::vigneshkumar_sivakumar,co_reviewed_user,1.0
user::m_chittrarul,user::rider_47,co_reviewed_user,1.0
user::m_chittrarul,user::vigneshkumar_sivakumar,co_reviewed_user,1.0
user::rider_47,user::vigneshkumar_sivakumar,co_reviewed_user,1.0
user::dinesh_s,user::hari_anu,co_reviewed_user,1.0
user::dinesh_s,user::premkumar_jeri,co_reviewed_user,1.0
user::dinesh_s,user::raji_karuthapandi,co_reviewed_user,1.0
user::dinesh_s,user::yazhini_kumar,co_reviewed_user,1.0
user::hari_anu,user::premkumar_jeri,co_reviewed_user,1.0
user::hari_anu,user::raji_karuthapandi,co_reviewed_user,1.0
user::hari_anu,user::yazhini_kumar,co_reviewed_user,1.0
user::premkumar_jeri,user::raji_karuthapandi,co_reviewed_user,1.0
user::premkumar_jeri,user::yazhini_kumar,co_reviewed_user,1.0
user::raji_karuthapandi,user::yazhini_kumar,co_reviewed_user,1.0
user::deva_pavi,user::future_tricks2_0,co_reviewed_user,1.0
user::deva_pavi,user::muhammed_salih_ahamed_athaullah,co_reviewed_user,1.0
user::deva_pavi,user::abishek_ragland,co_reviewed_user,1.0
user::deva_pavi,user::krithika_s,co_reviewed_user,1.0
user::deva_pavi,user::sivakumar,co_reviewed_user,1.0
user::deva_pavi,user::vinod__b,co_reviewed_user,1.0
user::future_tricks2_0,user::muhammed_salih_ahamed_athaullah,co_reviewed_user,1.0
user::dhanasekar_manickam,user::muthu_krishnan_shanmugam,co_reviewed_user,1.0
user::dhanasekar_manickam,user::ponraj_subbiah,co_reviewed_user,1.0
user::dhanasekar_manickam,user::santhosh_s,co_reviewed_user,1.0
user::dhanasekar_manickam,user::senthil_nath,co_reviewed_user,1.0
user::muthu_krishnan_shanmugam,user::ponraj_subbiah,co_reviewed_user,1.0
user::muthu_krishnan_shanmugam,user::santhosh_s,co_reviewed_user,1.0
user::muthu_krishnan_shanmugam,user::senthil_nath,co_reviewed_user,1.0
user::muthu_krishnan_shanmugam,user::rmuthuvel_ramaiah,co_reviewed_user,1.0
user::muthu_krishnan_shanmugam,user::sara_beevi,co_reviewed_user,1.0
user::muthu_krishnan_shanmugam,user::sathish_krishnan,co_reviewed_user,1.0
user::muthu_krishnan_shanmugam,user::vr_status_creations,co_reviewed_user,1.0
user::ponraj_subbiah,user::santhosh_s,co_reviewed_user,1.0
user::ponraj_subbiah,user::senthil_nath,co_reviewed_user,1.0
user::santhosh_s,user::senthil_nath,co_reviewed_user,1.0
user::arun_a,user::dinesh_kowsalya,co_reviewed_user,1.0
user::arun_a,user::esai_kannan,co_reviewed_user,1.0
user::arun_a,user::gødwin_møses,co_reviewed_user,1.0
user::arun_a,user::jim_carter,co_reviewed_user,1.0
user::dinesh_kowsalya,user::esai_kannan,co_reviewed_user,1.0
user::dinesh_kowsalya,user::gødwin_møses,co_reviewed_user,1.0
user::dinesh_kowsalya,user::jim_carter,co_reviewed_user,1.0
user::esai_kannan,user::gødwin_møses,co_reviewed_user,1.0
user::esai_kannan,user::jim_carter,co_reviewed_user,1.0
user::gødwin_møses,user::jim_carter,co_reviewed_user,1.0
user::arun_sankar,user::balan,co_reviewed_user,1.0
user::arun_sankar,user::paulraj__vinayaka_transport,co_reviewed_user,1.0
user::arun_sankar,user::sathish_kumar_nksak,co_reviewed_user,1.0
user::arun_sankar,user::sujith_kumar,co_reviewed_user,1.0
user::balan,user::paulraj__vinayaka_transport,co_reviewed_user,1.0
user::balan,user::sathish_kumar_nksak,co_reviewed_user,1.0
user::balan,user::sujith_kumar,co_reviewed_user,1.0
user::paulraj__vinayaka_transport,user::sathish_kumar_nksak,co_reviewed_user,1.0
user::paulraj__vinayaka_transport,user::sujith_kumar,co_reviewed_user,1.0
user::sathish_kumar_nksak,user::sujith_kumar,co_reviewed_user,1.0
user::mari_selvam,user::mohamed_ashik_ali,co_reviewed_user,1.0
user::mari_selvam,user::mohamed_farook,co_reviewed_user,1.0
user::mari_selvam,user::naushad_yunus,co_reviewed_user,1.0
user::mari_selvam,user::trisha_tmg,co_reviewed_user,1.0
user::mohamed_ashik_ali,user::mohamed_farook,co_reviewed_user,1.0
user::mohamed_ashik_ali,user::naushad_yunus,co_reviewed_user,1.0
user::mohamed_ashik_ali,user::trisha_tmg,co_reviewed_user,1.0
user::mohamed_farook,user::naushad_yunus,co_reviewed_user,1.0
user::mohamed_farook,user::trisha_tmg,co_reviewed_user,1.0
user::naushad_yunus,user::trisha_tmg,co_reviewed_user,1.0
user::gilbert_raj,user::iyappan_n,co_reviewed_user,1.0
user::gilbert_raj,user::rj_rocky_jes__nellai_rocky,co_reviewed_user,1.0
user::gilbert_raj,user::seshadri_varadarajan,co_reviewed_user,1.0
user::gilbert_raj,user::zee_tamil_vignesh__a_vicky,co_reviewed_user,1.0
user::iyappan_n,user::rj_rocky_jes__nellai_rocky,co_reviewed_user,1.0
user::iyappan_n,user::seshadri_varadarajan,co_reviewed_user,1.0
user::iyappan_n,user::zee_tamil_vignesh__a_vicky,co_reviewed_user,1.0
user::rj_rocky_jes__nellai_rocky,user::seshadri_varadarajan,co_reviewed_user,1.0
user::rj_rocky_jes__nellai_rocky,user::zee_tamil_vignesh__a_vicky,co_reviewed_user,1.0
user::seshadri_varadarajan,user::zee_tamil_vignesh__a_vicky,co_reviewed_user,1.0
user::anish_g,user::anto_anto,co_reviewed_user,1.0
user::anish_g,user::m_ramesh,co_reviewed_user,1.0
user::anish_g,user::madhavan,co_reviewed_user,1.0
user::anish_g,user::muthukalaivani_arumugasamy__seenukalai,co_reviewed_user,1.0
user::anto_anto,user::m_ramesh,co_reviewed_user,1.0
user::anto_anto,user::madhavan,co_reviewed_user,1.0
user::anto_anto,user::muthukalaivani_arumugasamy__seenukalai,co_reviewed_user,1.0
user::m_ramesh,user::madhavan,co_reviewed_user,1.0
user::m_ramesh,user::muthukalaivani_arumugasamy__seenukalai,co_reviewed_user,1.0
user::madhavan,user::muthukalaivani_arumugasamy__seenukalai,co_reviewed_user,1.0
user::achuthan_ravi,user::arun_kumar,co_reviewed_user,1.0
user::achuthan_ravi,user::athul_sindhu,co_reviewed_user,1.0
user::achuthan_ravi,user::mano_micheal,co_reviewed_user,1.0
user::achuthan_ravi,user::mr_vino__universal_kid,co_reviewed_user,1.0
user::arun_kumar,user::athul_sindhu,co_reviewed_user,1.0
user::arun_kumar,user::mano_micheal,co_reviewed_user,1.0
user::arun_kumar,user::mr_vino__universal_kid,co_reviewed_user,1.0
user::athul_sindhu,user::mano_micheal,co_reviewed_user,1.0
user::athul_sindhu,user::mr_vino__universal_kid,co_reviewed_user,1.0
user::mano_micheal,user::mr_vino__universal_kid,co_reviewed_user,1.0
user::arun_sagar,user::rajeshrs_raj,co_reviewed_user,1.0
user::arun_sagar,user::shabna_b,co_reviewed_user,1.0
user::arun_sagar,user::svk_venkat,co_reviewed_user,1.0
user::arun_sagar,user::we_make_the_impossible_things,co_reviewed_user,1.0
user::rajeshrs_raj,user::shabna_b,co_reviewed_user,1.0
user::rajeshrs_raj,user::svk_venkat,co_reviewed_user,1.0
user::rajeshrs_raj,user::we_make_the_impossible_things,co_reviewed_user,1.0
user::shabna_b,user::svk_venkat,co_reviewed_user,1.0
user::shabna_b,user::we_make_the_impossible_things,co_reviewed_user,1.0
user::svk_venkat,user::we_make_the_impossible_things,co_reviewed_user,1.0
user::we_make_the_impossible_things,user::adv_deepi_ashok,co_reviewed_user,1.0
user::we_make_the_impossible_things,user::g_p_suresh_gopal_cabs_ngl,co_reviewed_user,1.0
user::we_make_the_impossible_things,user::rajiv_kumar_velsamy,co_reviewed_user,1.0
user::charmathurai_s,user::prince_p_m,co_reviewed_user,1.0
user::charmathurai_s,user::sai_kumar,co_reviewed_user,1.0
user::charmathurai_s,user::satish_dhanaraj,co_reviewed_user,1.0
user::prince_p_m,user::sai_kumar,co_reviewed_user,1.0
user::prince_p_m,user::satish_dhanaraj,co_reviewed_user,1.0
user::sai_kumar,user::satish_dhanaraj,co_reviewed_user,1.0
user::ananda_kumar,user::ashok_shasan,co_reviewed_user,1.0
user::ananda_kumar,user::mohamed_risvi,co_reviewed_user,1.0
user::ananda_kumar,user::ratharaj_a,co_reviewed_user,1.0
user::ananda_kumar,user::vj_vicky,co_reviewed_user,1.0
user::ashok_shasan,user::mohamed_risvi,co_reviewed_user,1.0
user::ashok_shasan,user::ratharaj_a,co_reviewed_user,1.0
user::ashok_shasan,user::vj_vicky,co_reviewed_user,1.0
user::mohamed_risvi,user::ratharaj_a,co_reviewed_user,1.0
user::mohamed_risvi,user::vj_vicky,co_reviewed_user,1.0
user::ratharaj_a,user::vj_vicky,co_reviewed_user,1.0
user::akshay_s_kumar,user::rahul_krishna_h,co_reviewed_user,1.0
user::akshay_s_kumar,user::shihabudeen_k,co_reviewed_user,1.0
user::akshay_s_kumar,user::the_em_cube,co_reviewed_user,1.0
user::akshay_s_kumar,user::vellai_samy,co_reviewed_user,1.0
user::rahul_krishna_h,user::shihabudeen_k,co_reviewed_user,1.0
user::rahul_krishna_h,user::the_em_cube,co_reviewed_user,1.0
user::rahul_krishna_h,user::vellai_samy,co_reviewed_user,1.0
user::shihabudeen_k,user::the_em_cube,co_reviewed_user,1.0
user::shihabudeen_k,user::vellai_samy,co_reviewed_user,1.0
user::the_em_cube,user::vellai_samy,co_reviewed_user,1.0
user::john_pennycuick,user::mariappan_p,co_reviewed_user,1.0
user::john_pennycuick,user::s_m_t_selvan_nadar____tamiley,co_reviewed_user,1.0
user::john_pennycuick,user::vishnu_s,co_reviewed_user,1.0
user::john_pennycuick,user::wasim_akram,co_reviewed_user,1.0
user::mariappan_p,user::s_m_t_selvan_nadar____tamiley,co_reviewed_user,1.0
user::mariappan_p,user::vishnu_s,co_reviewed_user,1.0
user::mariappan_p,user::wasim_akram,co_reviewed_user,1.0
user::s_m_t_selvan_nadar____tamiley,user::vishnu_s,co_reviewed_user,1.0
user::s_m_t_selvan_nadar____tamiley,user::wasim_akram,co_reviewed_user,1.0
user::s_m_t_selvan_nadar____tamiley,user::kali_pandi,co_reviewed_user,1.0
user::s_m_t_selvan_nadar____tamiley,user::manikandan,co_reviewed_user,1.0
user::s_m_t_selvan_nadar____tamiley,user::raja_a,co_reviewed_user,1.0
user::s_m_t_selvan_nadar____tamiley,user::ramkumar_annakili,co_reviewed_user,1.0
user::vishnu_s,user::wasim_akram,co_reviewed_user,1.0
user::rmuthuvel_ramaiah,user::sara_beevi,co_reviewed_user,1.0
user::rmuthuvel_ramaiah,user::sathish_krishnan,co_reviewed_user,1.0
user::rmuthuvel_ramaiah,user::vr_status_creations,co_reviewed_user,1.0
user::sara_beevi,user::sathish_krishnan,co_reviewed_user,1.0
user::sara_beevi,user::vr_status_creations,co_reviewed_user,1.0
user::sathish_krishnan,user::vr_status_creations,co_reviewed_user,1.0
user::arunraj,user::axe_xerxes,co_reviewed_user,1.0
user::arunraj,user::dhisho_r_s,co_reviewed_user,1.0
user::arunraj,user::fabin_thomas,co_reviewed_user,1.0
user::arunraj,user::mr_tamil_n_72,co_reviewed_user,1.0
user::axe_xerxes,user::dhisho_r_s,co_reviewed_user,1.0
user::axe_xerxes,user::fabin_thomas,co_reviewed_user,1.0
user::axe_xerxes,user::mr_tamil_n_72,co_reviewed_user,1.0
user::dhisho_r_s,user::fabin_thomas,co_reviewed_user,1.0
user::dhisho_r_s,user::mr_tamil_n_72,co_reviewed_user,1.0
user::fabin_thomas,user::mr_tamil_n_72,co_reviewed_user,1.0
user::antony_stephen,user::ramakumar_ulaganathan,co_reviewed_user,1.0
user::antony_stephen,user::vinoth_raja_k,co_reviewed_user,1.0
user::ramakumar_ulaganathan,user::vinoth_raja_k,co_reviewed_user,1.0
user::benenet_y,user::ms_home,co_reviewed_user,1.0
user::benenet_y,user::siva_das,co_reviewed_user,1.0
user::benenet_y,user::unnikuttan_a,co_reviewed_user,1.0
user::benenet_y,user::ĸarυppaѕaмy_g,co_reviewed_user,1.0
user::ms_home,user::siva_das,co_reviewed_user,1.0
user::ms_home,user::unnikuttan_a,co_reviewed_user,1.0
user::ms_home,user::ĸarυppaѕaмy_g,co_reviewed_user,1.0
user::siva_das,user::unnikuttan_a,co_reviewed_user,1.0
user::siva_das,user::ĸarυppaѕaмy_g,co_reviewed_user,1.0
user::unnikuttan_a,user::ĸarυppaѕaмy_g,co_reviewed_user,1.0
user::aibin_hawkz,user::aravindan_sankaranarayanan,co_reviewed_user,1.0
user::aibin_hawkz,user::dd,co_reviewed_user,1.0
user::aibin_hawkz,user::giftson_david,co_reviewed_user,1.0
user::aravindan_sankaranarayanan,user::dd,co_reviewed_user,1.0
user::aravindan_sankaranarayanan,user::giftson_david,co_reviewed_user,1.0
user::dd,user::giftson_david,co_reviewed_user,1.0
user::afzal,user::kumar,co_reviewed_user,1.0
user::afzal,user::patta_varayan,co_reviewed_user,1.0
user::afzal,user::த_ன_ப_ண_ட__தம_ழன__சரவணன,co_reviewed_user,1.0
user::kumar,user::patta_varayan,co_reviewed_user,1.0
user::kumar,user::த_ன_ப_ண_ட__தம_ழன__சரவணன,co_reviewed_user,1.0
user::patta_varayan,user::த_ன_ப_ண_ட__தம_ழன__சரவணன,co_reviewed_user,1.0
user::bhagavathi_raja_bagavathi,user::prem_raj,co_reviewed_user,1.0
user::bhagavathi_raja_bagavathi,user::saqlain_mushtaq,co_reviewed_user,1.0
user::bhagavathi_raja_bagavathi,user::vk_ohmprakash,co_reviewed_user,1.0
user::prem_raj,user::saqlain_mushtaq,co_reviewed_user,1.0
user::prem_raj,user::vk_ohmprakash,co_reviewed_user,1.0
user::saqlain_mushtaq,user::vk_ohmprakash,co_reviewed_user,1.0
user::hari_popzboy,user::prajin_p,co_reviewed_user,1.0
user::hari_popzboy,user::s_k,co_reviewed_user,1.0
user::hari_popzboy,user::siva_ram,co_reviewed_user,1.0
user::hari_popzboy,user::tn76_traveler,co_reviewed_user,1.0
user::prajin_p,user::s_k,co_reviewed_user,1.0
user::prajin_p,user::siva_ram,co_reviewed_user,1.0
user::prajin_p,user::tn76_traveler,co_reviewed_user,1.0
user::s_k,user::siva_ram,co_reviewed_user,1.0
user::s_k,user::tn76_traveler,co_reviewed_user,1.0
user::siva_ram,user::tn76_traveler,co_reviewed_user,1.0
user::jj_ravichandran,user::madhavi_murugan,co_reviewed_user,1.0
user::jj_ravichandran,user::mani_m,co_reviewed_user,1.0
user::jj_ravichandran,user::siva_kumar,co_reviewed_user,1.0
user::jj_ravichandran,user::vignesh_raj__vicky,co_reviewed_user,1.0
user::madhavi_murugan,user::mani_m,co_reviewed_user,1.0
user::madhavi_murugan,user::siva_kumar,co_reviewed_user,1.0
user::madhavi_murugan,user::vignesh_raj__vicky,co_reviewed_user,1.0
user::mani_m,user::siva_kumar,co_reviewed_user,1.0
user::mani_m,user::vignesh_raj__vicky,co_reviewed_user,1.0
user::siva_kumar,user::vignesh_raj__vicky,co_reviewed_user,1.0
user::bharathi,user::dhanalakshmi_dhanalakshmi,co_reviewed_user,1.0
user::bharathi,user::fj,co_reviewed_user,1.0
user::bharathi,user::karpagavalli_karpagavalli,co_reviewed_user,1.0
user::bharathi,user::sivarajalngam_nivi_s,co_reviewed_user,1.0
user::dhanalakshmi_dhanalakshmi,user::fj,co_reviewed_user,1.0
user::dhanalakshmi_dhanalakshmi,user::karpagavalli_karpagavalli,co_reviewed_user,1.0
user::dhanalakshmi_dhanalakshmi,user::sivarajalngam_nivi_s,co_reviewed_user,1.0
user::fj,user::karpagavalli_karpagavalli,co_reviewed_user,1.0
user::fj,user::sivarajalngam_nivi_s,co_reviewed_user,1.0
user::karpagavalli_karpagavalli,user::sivarajalngam_nivi_s,co_reviewed_user,1.0
user::m_krishna,user::mabhu_k,co_reviewed_user,1.0
user::m_krishna,user::ramesh_ram_ram,co_reviewed_user,1.0
user::mabhu_k,user::ramesh_ram_ram,co_reviewed_user,1.0
user::abishek_ragland,user::krithika_s,co_reviewed_user,1.0
user::abishek_ragland,user::sivakumar,co_reviewed_user,1.0
user::abishek_ragland,user::vinod__b,co_reviewed_user,1.0
user::krithika_s,user::sivakumar,co_reviewed_user,1.0
user::krithika_s,user::vinod__b,co_reviewed_user,1.0
user::sivakumar,user::vinod__b,co_reviewed_user,1.0
user::chinna_samy,user::mari_mari,co_reviewed_user,1.0
user::chinna_samy,user::premam_mani_str,co_reviewed_user,1.0
user::chinna_samy,user::r_palpandi,co_reviewed_user,1.0
user::chinna_samy,user::senthil_kumar_m,co_reviewed_user,1.0
user::mari_mari,user::premam_mani_str,co_reviewed_user,1.0
user::mari_mari,user::r_palpandi,co_reviewed_user,1.0
user::mari_mari,user::senthil_kumar_m,co_reviewed_user,1.0
user::premam_mani_str,user::r_palpandi,co_reviewed_user,1.0
user::premam_mani_str,user::senthil_kumar_m,co_reviewed_user,1.0
user::r_palpandi,user::senthil_kumar_m,co_reviewed_user,1.0
user::arikrishnan_v,user::balaji_a,co_reviewed_user,1.0
user::arikrishnan_v,user::boomija_m,co_reviewed_user,1.0
user::arikrishnan_v,user::mathavan_is_saru_studio_tmpm,co_reviewed_user,1.0
user::arikrishnan_v,user::paramasivan_samuthiram,co_reviewed_user,1.0
user::balaji_a,user::boomija_m,co_reviewed_user,1.0
user::balaji_a,user::mathavan_is_saru_studio_tmpm,co_reviewed_user,1.0
user::balaji_a,user::paramasivan_samuthiram,co_reviewed_user,1.0
user::boomija_m,user::mathavan_is_saru_studio_tmpm,co_reviewed_user,1.0
user::boomija_m,user::paramasivan_samuthiram,co_reviewed_user,1.0
user::mathavan_is_saru_studio_tmpm,user::paramasivan_samuthiram,co_reviewed_user,1.0
user::jebaraj,user::muthu_krishnan,co_reviewed_user,1.0
user::jebaraj,user::poco_x3,co_reviewed_user,1.0
user::jebaraj,user::seenivasan_t,co_reviewed_user,1.0
user::jebaraj,user::suresh_kumar,co_reviewed_user,1.0
user::muthu_krishnan,user::poco_x3,co_reviewed_user,1.0
user::muthu_krishnan,user::seenivasan_t,co_reviewed_user,1.0
user::muthu_krishnan,user::suresh_kumar,co_reviewed_user,1.0
user::poco_x3,user::seenivasan_t,co_reviewed_user,1.0
user::poco_x3,user::suresh_kumar,co_reviewed_user,1.0
user::seenivasan_t,user::suresh_kumar,co_reviewed_user,1.0
user::abdul_kader_a_thahir,user::rajan_m,co_reviewed_user,1.0
user::abdul_kader_a_thahir,user::syed_sulaiman,co_reviewed_user,1.0
user::abdul_kader_a_thahir,user::ukkasim_shahulhajira,co_reviewed_user,1.0
user::rajan_m,user::syed_sulaiman,co_reviewed_user,1.0
user::rajan_m,user::ukkasim_shahulhajira,co_reviewed_user,1.0
user::syed_sulaiman,user::ukkasim_shahulhajira,co_reviewed_user,1.0
user::ayya_thurai,user::dùráī_màddy,co_reviewed_user,1.0
user::ayya_thurai,user::krishnakumar_r,co_reviewed_user,1.0
user::ayya_thurai,user::skf_tech_gurus,co_reviewed_user,1.0
user::dùráī_màddy,user::krishnakumar_r,co_reviewed_user,1.0
user::dùráī_màddy,user::skf_tech_gurus,co_reviewed_user,1.0
user::krishnakumar_r,user::skf_tech_gurus,co_reviewed_user,1.0
user::ashokkumar_s,user::balaji__k,co_reviewed_user,1.0
user::ashokkumar_s,user::leo_forsyth,co_reviewed_user,1.0
user::ashokkumar_s,user::ssangyong_n111,co_reviewed_user,1.0
user::ashokkumar_s,user::vijaya,co_reviewed_user,1.0
user::balaji__k,user::leo_forsyth,co_reviewed_user,1.0
user::balaji__k,user::ssangyong_n111,co_reviewed_user,1.0
user::balaji__k,user::vijaya,co_reviewed_user,1.0
user::leo_forsyth,user::ssangyong_n111,co_reviewed_user,1.0
user::leo_forsyth,user::vijaya,co_reviewed_user,1.0
user::ssangyong_n111,user::vijaya,co_reviewed_user,1.0
user::m_siva_subramanian,user::mathan__m,co_reviewed_user,1.0
user::m_siva_subramanian,user::mukesh_kumar,co_reviewed_user,1.0
user::m_siva_subramanian,user::sathish_kumar,co_reviewed_user,1.0
user::mathan__m,user::mukesh_kumar,co_reviewed_user,1.0
user::mathan__m,user::sathish_kumar,co_reviewed_user,1.0
user::mukesh_kumar,user::sathish_kumar,co_reviewed_user,1.0
user::ambrose_jesuraj,user::govindharajan_sahadevan,co_reviewed_user,1.0
user::ambrose_jesuraj,user::murugan_c,co_reviewed_user,1.0
user::ambrose_jesuraj,user::sivaraj_tks,co_reviewed_user,1.0
user::govindharajan_sahadevan,user::murugan_c,co_reviewed_user,1.0
user::govindharajan_sahadevan,user::sivaraj_tks,co_reviewed_user,1.0
user::murugan_c,user::sivaraj_tks,co_reviewed_user,1.0
user::balamurugan_asb,user::megaraj_a,co_reviewed_user,1.0
user::balamurugan_asb,user::s_m,co_reviewed_user,1.0
user::balamurugan_asb,user::southindian_traveller,co_reviewed_user,1.0
user::megaraj_a,user::s_m,co_reviewed_user,1.0
user::megaraj_a,user::southindian_traveller,co_reviewed_user,1.0
user::s_m,user::southindian_traveller,co_reviewed_user,1.0
user::anu_jayaraj,user::iii_surya_raman,co_reviewed_user,1.0
user::anu_jayaraj,user::jaba_singraj__vidiyal_medical_mission,co_reviewed_user,1.0
user::anu_jayaraj,user::raman_s,co_reviewed_user,1.0
user::anu_jayaraj,user::renius_renius,co_reviewed_user,1.0
user::iii_surya_raman,user::jaba_singraj__vidiyal_medical_mission,co_reviewed_user,1.0
user::iii_surya_raman,user::raman_s,co_reviewed_user,1.0
user::iii_surya_raman,user::renius_renius,co_reviewed_user,1.0
user::jaba_singraj__vidiyal_medical_mission,user::raman_s,co_reviewed_user,1.0
user::jaba_singraj__vidiyal_medical_mission,user::renius_renius,co_reviewed_user,1.0
user::raman_s,user::renius_renius,co_reviewed_user,1.0
user::kali_pandi,user::manikandan,co_reviewed_user,1.0
user::kali_pandi,user::raja_a,co_reviewed_user,1.0
user::kali_pandi,user::ramkumar_annakili,co_reviewed_user,1.0
user::manikandan,user::raja_a,co_reviewed_user,1.0
user::manikandan,user::ramkumar_annakili,co_reviewed_user,1.0
user::raja_a,user::ramkumar_annakili,co_reviewed_user,1.0
user::nellai_naygam,user::selvamani_mani,co_reviewed_user,1.0
user::nellai_naygam,user::sivasubramanian_g,co_reviewed_user,1.0
user::selvamani_mani,user::sivasubramanian_g,co_reviewed_user,1.0
user::byju_bikebyju,user::sivasubramanian_thoothukudi,co_reviewed_user,1.0
user::byju_bikebyju,user::thirumalai_kumar,co_reviewed_user,1.0
user::byju_bikebyju,user::vignesh_hari,co_reviewed_user,1.0
user::byju_bikebyju,user::villu_vicky,co_reviewed_user,1.0
user::sivasubramanian_thoothukudi,user::thirumalai_kumar,co_reviewed_user,1.0
user::sivasubramanian_thoothukudi,user::vignesh_hari,co_reviewed_user,1.0
user::sivasubramanian_thoothukudi,user::villu_vicky,co_reviewed_user,1.0
user::thirumalai_kumar,user::vignesh_hari,co_reviewed_user,1.0
user::thirumalai_kumar,user::villu_vicky,co_reviewed_user,1.0
user::vignesh_hari,user::villu_vicky,co_reviewed_user,1.0
user::adv_deepi_ashok,user::g_p_suresh_gopal_cabs_ngl,co_reviewed_user,1.0
user::adv_deepi_ashok,user::rajiv_kumar_velsamy,co_reviewed_user,1.0
user::g_p_suresh_gopal_cabs_ngl,user::rajiv_kumar_velsamy,co_reviewed_user,1.0
user::a_a_mohamed_arsath,user::arun_das_a_h,co_reviewed_user,1.0
user::a_a_mohamed_arsath,user::faris_ns_9317,co_reviewed_user,1.0
user::a_a_mohamed_arsath,user::praveen_kumar,co_reviewed_user,1.0
user::a_a_mohamed_arsath,user::shahul_hameed,co_reviewed_user,1.0
user::arun_das_a_h,user::faris_ns_9317,co_reviewed_user,1.0
user::arun_das_a_h,user::praveen_kumar,co_reviewed_user,1.0
user::arun_das_a_h,user::shahul_hameed,co_reviewed_user,1.0
user::faris_ns_9317,user::praveen_kumar,co_reviewed_user,1.0
user::faris_ns_9317,user::shahul_hameed,co_reviewed_user,1.0
user::praveen_kumar,user::shahul_hameed,co_reviewed_user,1.0
user::abdul_rasith,user::husain_abu_hunaid,co_reviewed_user,1.0
user::abdul_rasith,user::malik_m,co_reviewed_user,1.0
user::abdul_rasith,user::mohammed_saleem,co_reviewed_user,1.0
user::husain_abu_hunaid,user::malik_m,co_reviewed_user,1.0
user::husain_abu_hunaid,user::mohammed_saleem,co_reviewed_user,1.0
user::malik_m,user::mohammed_saleem,co_reviewed_user,1.0
user::miracle_thivan__shabih,user::mohammed_mustapha,co_reviewed_user,1.0
user::miracle_thivan__shabih,user::sabi_raja,co_reviewed_user,1.0
user::miracle_thivan__shabih,user::sumathi_ramesh,co_reviewed_user,1.0
user::mohammed_mustapha,user::sabi_raja,co_reviewed_user,1.0
user::mohammed_mustapha,user::sumathi_ramesh,co_reviewed_user,1.0
user::sabi_raja,user::sumathi_ramesh,co_reviewed_user,1.0
user::imjose,user::karpooraraj,co_reviewed_user,1.0
user::imjose,user::muhamad_fayaz,co_reviewed_user,1.0
user::imjose,user::sriram,co_reviewed_user,1.0
user::imjose,user::your_thoughts,co_reviewed_user,1.0
user::karpooraraj,user::muhamad_fayaz,co_reviewed_user,1.0
user::karpooraraj,user::sriram,co_reviewed_user,1.0
user::karpooraraj,user::your_thoughts,co_reviewed_user,1.0
user::muhamad_fayaz,user::sriram,co_reviewed_user,1.0
user::muhamad_fayaz,user::your_thoughts,co_reviewed_user,1.0
user::sriram,user::your_thoughts,co_reviewed_user,1.0
user::indira_prathap,user::sathiyaseelan_smt,co_reviewed_user,1.0
user::indira_prathap,user::srimathi_durai,co_reviewed_user,1.0
user::sathiyaseelan_smt,user::srimathi_durai,co_reviewed_user,1.0
user::ameer_sulthan,user::ananthi_chela,co_reviewed_user,1.0
user::ameer_sulthan,user::ismail_ahamed_m,co_reviewed_user,1.0
user::ameer_sulthan,user::rizwan_hussain_mohammed,co_reviewed_user,1.0
user::ameer_sulthan,user::sudhan_murugan,co_reviewed_user,1.0
user::ananthi_chela,user::ismail_ahamed_m,co_reviewed_user,1.0
user::ananthi_chela,user::rizwan_hussain_mohammed,co_reviewed_user,1.0
user::ananthi_chela,user::sudhan_murugan,co_reviewed_user,1.0
user::ismail_ahamed_m,user::rizwan_hussain_mohammed,co_reviewed_user,1.0
user::ismail_ahamed_m,user::sudhan_murugan,co_reviewed_user,1.0
user::rizwan_hussain_mohammed,user::sudhan_murugan,co_reviewed_user,1.0
user::kathirvan_s,user::p_r_a_k_a_s_h,co_reviewed_user,1.0
user::kathirvan_s,user::pon_raja,co_reviewed_user,1.0
user::kathirvan_s,user::ramesh_arun_selvan,co_reviewed_user,1.0
user::kathirvan_s,user::sreejith_sr,co_reviewed_user,1.0
user::p_r_a_k_a_s_h,user::pon_raja,co_reviewed_user,1.0
user::p_r_a_k_a_s_h,user::ramesh_arun_selvan,co_reviewed_user,1.0
user::p_r_a_k_a_s_h,user::sreejith_sr,co_reviewed_user,1.0
user::pon_raja,user::ramesh_arun_selvan,co_reviewed_user,1.0
user::pon_raja,user::sreejith_sr,co_reviewed_user,1.0
user::pon_raja,user::manoj_ajithkumar_manoj_ajithkumar,co_reviewed_user,1.0
user::pon_raja,user::raja_raja,co_reviewed_user,1.0
user::pon_raja,user::ullas_s,co_reviewed_user,1.0
user::pon_raja,user::க_ணச_கரன__வ_வச_ய,co_reviewed_user,1.0
user::ramesh_arun_selvan,user::sreejith_sr,co_reviewed_user,1.0
user::jayaprabha_jayaprakash,user::joshy_chakravarthy,co_reviewed_user,1.0
user::jayaprabha_jayaprakash,user::thandabani_rs,co_reviewed_user,1.0
user::jayaprabha_jayaprakash,user::vinoth,co_reviewed_user,1.0
user::jayaprabha_jayaprakash,user::xavier_j,co_reviewed_user,1.0
user::joshy_chakravarthy,user::thandabani_rs,co_reviewed_user,1.0
user::joshy_chakravarthy,user::vinoth,co_reviewed_user,1.0
user::joshy_chakravarthy,user::xavier_j,co_reviewed_user,1.0
user::thandabani_rs,user::vinoth,co_reviewed_user,1.0
user::thandabani_rs,user::xavier_j,co_reviewed_user,1.0
user::vinoth,user::xavier_j,co_reviewed_user,1.0
user::karutha_pandi,user::raj_kumar,co_reviewed_user,1.0
user::karutha_pandi,user::s_palani_chamy,co_reviewed_user,1.0
user::karutha_pandi,user::selvam_ponmani,co_reviewed_user,1.0
user::karutha_pandi,user::vel_kumar,co_reviewed_user,1.0
user::raj_kumar,user::s_palani_chamy,co_reviewed_user,1.0
user::raj_kumar,user::selvam_ponmani,co_reviewed_user,1.0
user::raj_kumar,user::vel_kumar,co_reviewed_user,1.0
user::s_palani_chamy,user::selvam_ponmani,co_reviewed_user,1.0
user::s_palani_chamy,user::vel_kumar,co_reviewed_user,1.0
user::selvam_ponmani,user::vel_kumar,co_reviewed_user,1.0
user::pan_card,user::rathnam_selva,co_reviewed_user,1.0
user::pan_card,user::rj_vignesh,co_reviewed_user,1.0
user::pan_card,user::siva_dev,co_reviewed_user,1.0
user::pan_card,user::ss_0307,co_reviewed_user,1.0
user::rathnam_selva,user::rj_vignesh,co_reviewed_user,1.0
user::rathnam_selva,user::siva_dev,co_reviewed_user,1.0
user::rathnam_selva,user::ss_0307,co_reviewed_user,1.0
user::rj_vignesh,user::siva_dev,co_reviewed_user,1.0
user::rj_vignesh,user::ss_0307,co_reviewed_user,1.0
user::siva_dev,user::ss_0307,co_reviewed_user,1.0
user::hari_suthanan_r,user::rajkumar_kaliappan,co_reviewed_user,1.0
user::hari_suthanan_r,user::sabarikanth_jeyam,co_reviewed_user,1.0
user::hari_suthanan_r,user::sk_rajesh,co_reviewed_user,1.0
user::hari_suthanan_r,user::venkada_ramanan_m,co_reviewed_user,1.0
user::rajkumar_kaliappan,user::sabarikanth_jeyam,co_reviewed_user,1.0
user::rajkumar_kaliappan,user::sk_rajesh,co_reviewed_user,1.0
user::rajkumar_kaliappan,user::venkada_ramanan_m,co_reviewed_user,1.0
user::sabarikanth_jeyam,user::sk_rajesh,co_reviewed_user,1.0
user::sabarikanth_jeyam,user::venkada_ramanan_m,co_reviewed_user,1.0
user::sk_rajesh,user::venkada_ramanan_m,co_reviewed_user,1.0
user::ak_cammander,user::antharved_pasalapudi,co_reviewed_user,1.0
user::ak_cammander,user::priya_cn,co_reviewed_user,1.0
user::ak_cammander,user::rajan_sukumaran,co_reviewed_user,1.0
user::ak_cammander,user::suresh_garin,co_reviewed_user,1.0
user::antharved_pasalapudi,user::priya_cn,co_reviewed_user,1.0
user::antharved_pasalapudi,user::rajan_sukumaran,co_reviewed_user,1.0
user::antharved_pasalapudi,user::suresh_garin,co_reviewed_user,1.0
user::priya_cn,user::rajan_sukumaran,co_reviewed_user,1.0
user::priya_cn,user::suresh_garin,co_reviewed_user,1.0
user::rajan_sukumaran,user::suresh_garin,co_reviewed_user,1.0
user::manoj_ajithkumar_manoj_ajithkumar,user::raja_raja,co_reviewed_user,1.0
user::manoj_ajithkumar_manoj_ajithkumar,user::ullas_s,co_reviewed_user,1.0
user::manoj_ajithkumar_manoj_ajithkumar,user::க_ணச_கரன__வ_வச_ய,co_reviewed_user,1.0
user::raja_raja,user::ullas_s,co_reviewed_user,1.0
user::raja_raja,user::க_ணச_கரன__வ_வச_ய,co_reviewed_user,1.0
user::ullas_s,user::க_ணச_கரன__வ_வச_ய,co_reviewed_user,1.0
