:START_ID(User),:END_ID(User),weight,:TYPE
hassan_sowkath,mohammed_nayeem,1.0,SIMILAR_USER
hassan_sowkath,mukilan_s,1.0,SIMILAR_USER
hassan_sowkath,pooshan_d,1.0,SIMILAR_USER
hassan_sowkath,shotsby_senthil,1.0,SIMILAR_USER
hassan_sowkath,nadarajan_muthukumarasamy,1.0,SIMILAR_USER
hassan_sowkath,ramakrishnan_v,1.0,SIMILAR_USER
hassan_sowkath,rijas_galleria,1.0,SIMILAR_USER
hassan_sowkath,sethu_m,1.0,SIMILAR_USER
mohammed_nayeem,mukilan_s,1.0,SIMILAR_USER
mohammed_nayeem,pooshan_d,1.0,SIMILAR_USER
mohammed_nayeem,shotsby_senthil,1.0,SIMILAR_USER
mukilan_s,pooshan_d,1.0,SIMILAR_USER
mukilan_s,shotsby_senthil,1.0,SIMILAR_USER
mukilan_s,deva_pavi,1.0,SIMILAR_USER
mukilan_s,future_tricks2_0,1.0,SIMILAR_USER
mukilan_s,ganesh_m,1.0,SIMILAR_USER
mukilan_s,muhammed_salih_ahamed_athaullah,1.0,SIMILAR_USER
pooshan_d,shotsby_senthil,1.0,SIMILAR_USER
shotsby_senthil,dinesh_e,1.0,SIMILAR_USER
shotsby_senthil,selva_selva,1.0,SIMILAR_USER
shotsby_senthil,writer_and_traveller,1.0,SIMILAR_USER
shotsby_senthil,ச_ர_ந_தர__க_ம_ர,1.0,SIMILAR_USER
shotsby_senthil,esakki_raj,1.0,SIMILAR_USER
shotsby_senthil,mani_kandan,1.0,SIMILAR_USER
shotsby_senthil,mani_kandan_s,1.0,SIMILAR_USER
shotsby_senthil,sakthivel_p,1.0,SIMILAR_USER
shotsby_senthil,akhil_das,1.0,SIMILAR_USER
shotsby_senthil,aswin,1.0,SIMILAR_USER
shotsby_senthil,rahul_hari,1.0,SIMILAR_USER
shotsby_senthil,raji_ramya,1.0,SIMILAR_USER
beardless_tripy_venkateshprasath,gowri_shankar,1.0,SIMILAR_USER
beardless_tripy_venkateshprasath,pooja_devi,1.0,SIMILAR_USER
beardless_tripy_venkateshprasath,saravanan_manohar,1.0,SIMILAR_USER
beardless_tripy_venkateshprasath,stella_sharon,1.0,SIMILAR_USER
gowri_shankar,pooja_devi,1.0,SIMILAR_USER
gowri_shankar,saravanan_manohar,1.0,SIMILAR_USER
gowri_shankar,stella_sharon,1.0,SIMILAR_USER
pooja_devi,saravanan_manohar,1.0,SIMILAR_USER
pooja_devi,stella_sharon,1.0,SIMILAR_USER
pooja_devi,anu,1.0,SIMILAR_USER
pooja_devi,g_t_g,1.0,SIMILAR_USER
pooja_devi,ganesh_m,1.0,SIMILAR_USER
pooja_devi,sarath_kumar_s,1.0,SIMILAR_USER
saravanan_manohar,stella_sharon,1.0,SIMILAR_USER
athulya_vijayan,hari_trivedi,1.0,SIMILAR_USER
athulya_vijayan,raghu_b,1.0,SIMILAR_USER
athulya_vijayan,raj_p,1.0,SIMILAR_USER
athulya_vijayan,ramesh_kumar,1.0,SIMILAR_USER
hari_trivedi,raghu_b,2.0,SIMILAR_USER
hari_trivedi,raj_p,1.0,SIMILAR_USER
hari_trivedi,ramesh_kumar,1.0,SIMILAR_USER
hari_trivedi,akhilesh_prajapati,1.0,SIMILAR_USER
hari_trivedi,narayanamurthy_subramanian,1.0,SIMILAR_USER
hari_trivedi,shibin_as,1.0,SIMILAR_USER
hari_trivedi,manueeé,1.0,SIMILAR_USER
hari_trivedi,nidhin_d,1.0,SIMILAR_USER
hari_trivedi,sagar_sadanandan,1.0,SIMILAR_USER
hari_trivedi,velayudhan_vijayan,1.0,SIMILAR_USER
raghu_b,raj_p,1.0,SIMILAR_USER
raghu_b,ramesh_kumar,2.0,SIMILAR_USER
raghu_b,akhilesh_prajapati,1.0,SIMILAR_USER
raghu_b,narayanamurthy_subramanian,1.0,SIMILAR_USER
raghu_b,shibin_as,1.0,SIMILAR_USER
raghu_b,pratheesh_harish,1.0,SIMILAR_USER
raghu_b,rijas_galleria,1.0,SIMILAR_USER
raghu_b,sarath_kumar_s,1.0,SIMILAR_USER
raghu_b,chitra_murali,1.0,SIMILAR_USER
raghu_b,rahul_s,1.0,SIMILAR_USER
raghu_b,sathishkumar_balakrishnan,1.0,SIMILAR_USER
raghu_b,venkat,1.0,SIMILAR_USER
raj_p,ramesh_kumar,1.0,SIMILAR_USER
ramesh_kumar,pratheesh_harish,1.0,SIMILAR_USER
ramesh_kumar,rijas_galleria,1.0,SIMILAR_USER
ramesh_kumar,sarath_kumar_s,1.0,SIMILAR_USER
akhilesh_prajapati,narayanamurthy_subramanian,1.0,SIMILAR_USER
akhilesh_prajapati,shibin_as,1.0,SIMILAR_USER
akhilesh_prajapati,aravind_r_chandran,1.0,SIMILAR_USER
akhilesh_prajapati,blessy_babu,1.0,SIMILAR_USER
akhilesh_prajapati,greewin_mathew,1.0,SIMILAR_USER
akhilesh_prajapati,joshith_jacob,1.0,SIMILAR_USER
narayanamurthy_subramanian,shibin_as,1.0,SIMILAR_USER
abhishek_anil,senthil_kumar_manickam,1.0,SIMILAR_USER
abhishek_anil,sesha_srinivasa_murthy_putrevu,1.0,SIMILAR_USER
abhishek_anil,shravan_srinivasan,1.0,SIMILAR_USER
abhishek_anil,subrata_b,1.0,SIMILAR_USER
senthil_kumar_manickam,sesha_srinivasa_murthy_putrevu,1.0,SIMILAR_USER
senthil_kumar_manickam,shravan_srinivasan,1.0,SIMILAR_USER
senthil_kumar_manickam,subrata_b,1.0,SIMILAR_USER
sesha_srinivasa_murthy_putrevu,shravan_srinivasan,1.0,SIMILAR_USER
sesha_srinivasa_murthy_putrevu,subrata_b,1.0,SIMILAR_USER
shravan_srinivasan,subrata_b,1.0,SIMILAR_USER
pratheesh_harish,rijas_galleria,1.0,SIMILAR_USER
pratheesh_harish,sarath_kumar_s,1.0,SIMILAR_USER
rijas_galleria,sarath_kumar_s,1.0,SIMILAR_USER
rijas_galleria,akhil_raj,1.0,SIMILAR_USER
rijas_galleria,muhassin_ps,1.0,SIMILAR_USER
rijas_galleria,nithin_sasikumar,1.0,SIMILAR_USER
rijas_galleria,solo_traveller,1.0,SIMILAR_USER
rijas_galleria,nadarajan_muthukumarasamy,1.0,SIMILAR_USER
rijas_galleria,ramakrishnan_v,1.0,SIMILAR_USER
rijas_galleria,sethu_m,1.0,SIMILAR_USER
rijas_galleria,adv_deepi_ashok,1.0,SIMILAR_USER
rijas_galleria,g_p_suresh_gopal_cabs_ngl,1.0,SIMILAR_USER
rijas_galleria,rajiv_kumar_velsamy,1.0,SIMILAR_USER
rijas_galleria,we_make_the_impossible_things,1.0,SIMILAR_USER
sarath_kumar_s,anu,1.0,SIMILAR_USER
sarath_kumar_s,g_t_g,1.0,SIMILAR_USER
sarath_kumar_s,ganesh_m,1.0,SIMILAR_USER
sarath_kumar_s,abey_johnsen,1.0,SIMILAR_USER
sarath_kumar_s,parvathy_r,1.0,SIMILAR_USER
sarath_kumar_s,sajikumar_js,1.0,SIMILAR_USER
sarath_kumar_s,sreehari_s,1.0,SIMILAR_USER
kannan_ramachandran,ramchandar_umasankar,1.0,SIMILAR_USER
kannan_ramachandran,smruthi_vinayak_rengan,1.0,SIMILAR_USER
kannan_ramachandran,srivenkatbabu_sinnasami,1.0,SIMILAR_USER
kannan_ramachandran,starlet_esther,1.0,SIMILAR_USER
ramchandar_umasankar,smruthi_vinayak_rengan,1.0,SIMILAR_USER
ramchandar_umasankar,srivenkatbabu_sinnasami,1.0,SIMILAR_USER
ramchandar_umasankar,starlet_esther,1.0,SIMILAR_USER
smruthi_vinayak_rengan,srivenkatbabu_sinnasami,1.0,SIMILAR_USER
smruthi_vinayak_rengan,starlet_esther,1.0,SIMILAR_USER
srivenkatbabu_sinnasami,starlet_esther,1.0,SIMILAR_USER
srivenkatbabu_sinnasami,kumaresan_lakshmanan,1.0,SIMILAR_USER
srivenkatbabu_sinnasami,shyam_sundar,1.0,SIMILAR_USER
srivenkatbabu_sinnasami,vinoth_kumar,1.0,SIMILAR_USER
srivenkatbabu_sinnasami,yuva_ranjitha,1.0,SIMILAR_USER
anu,g_t_g,1.0,SIMILAR_USER
anu,ganesh_m,1.0,SIMILAR_USER
g_t_g,ganesh_m,1.0,SIMILAR_USER
g_t_g,anfas_salim,1.0,SIMILAR_USER
g_t_g,anoop_kamal,1.0,SIMILAR_USER
g_t_g,dark_wizard,1.0,SIMILAR_USER
g_t_g,sree_kumar_a,1.0,SIMILAR_USER
ganesh_m,ajc,1.0,SIMILAR_USER
ganesh_m,roby_soni,1.0,SIMILAR_USER
ganesh_m,saroj,1.0,SIMILAR_USER
ganesh_m,sree_nath,1.0,SIMILAR_USER
ganesh_m,deva_pavi,1.0,SIMILAR_USER
ganesh_m,future_tricks2_0,1.0,SIMILAR_USER
ganesh_m,muhammed_salih_ahamed_athaullah,1.0,SIMILAR_USER
chitra_murali,rahul_s,1.0,SIMILAR_USER
chitra_murali,sathishkumar_balakrishnan,1.0,SIMILAR_USER
chitra_murali,venkat,1.0,SIMILAR_USER
rahul_s,sathishkumar_balakrishnan,1.0,SIMILAR_USER
rahul_s,venkat,1.0,SIMILAR_USER
sathishkumar_balakrishnan,venkat,1.0,SIMILAR_USER
gayathri_shri_kashyap,haston_kumar,1.0,SIMILAR_USER
gayathri_shri_kashyap,prem_kumar,1.0,SIMILAR_USER
gayathri_shri_kashyap,sajin_shereef,1.0,SIMILAR_USER
gayathri_shri_kashyap,snabak_vinod_aj,1.0,SIMILAR_USER
haston_kumar,prem_kumar,1.0,SIMILAR_USER
haston_kumar,sajin_shereef,1.0,SIMILAR_USER
haston_kumar,snabak_vinod_aj,1.0,SIMILAR_USER
prem_kumar,sajin_shereef,1.0,SIMILAR_USER
prem_kumar,snabak_vinod_aj,1.0,SIMILAR_USER
sajin_shereef,snabak_vinod_aj,1.0,SIMILAR_USER
aravind_r_chandran,blessy_babu,1.0,SIMILAR_USER
aravind_r_chandran,greewin_mathew,1.0,SIMILAR_USER
aravind_r_chandran,joshith_jacob,1.0,SIMILAR_USER
blessy_babu,greewin_mathew,1.0,SIMILAR_USER
blessy_babu,joshith_jacob,1.0,SIMILAR_USER
greewin_mathew,joshith_jacob,1.0,SIMILAR_USER
anupam_purbey,devarshi_raj,1.0,SIMILAR_USER
anupam_purbey,dr_kartik_bhadra,1.0,SIMILAR_USER
anupam_purbey,neelesh_panchal,1.0,SIMILAR_USER
anupam_purbey,santhosh_sankaran,1.0,SIMILAR_USER
devarshi_raj,dr_kartik_bhadra,1.0,SIMILAR_USER
devarshi_raj,neelesh_panchal,1.0,SIMILAR_USER
devarshi_raj,santhosh_sankaran,1.0,SIMILAR_USER
dr_kartik_bhadra,neelesh_panchal,1.0,SIMILAR_USER
dr_kartik_bhadra,santhosh_sankaran,1.0,SIMILAR_USER
neelesh_panchal,santhosh_sankaran,1.0,SIMILAR_USER
abid_suhail,nari_soundarrajan,1.0,SIMILAR_USER
abid_suhail,naveen_ks,1.0,SIMILAR_USER
abid_suhail,sethu_n,1.0,SIMILAR_USER
abid_suhail,subhra_kar,1.0,SIMILAR_USER
abid_suhail,bugra_alkan,1.0,SIMILAR_USER
abid_suhail,hari_pranav,1.0,SIMILAR_USER
abid_suhail,saravanan_m,1.0,SIMILAR_USER
abid_suhail,vimal_kumar,1.0,SIMILAR_USER
nari_soundarrajan,naveen_ks,1.0,SIMILAR_USER
nari_soundarrajan,sethu_n,1.0,SIMILAR_USER
nari_soundarrajan,subhra_kar,1.0,SIMILAR_USER
naveen_ks,sethu_n,1.0,SIMILAR_USER
naveen_ks,subhra_kar,1.0,SIMILAR_USER
sethu_n,subhra_kar,1.0,SIMILAR_USER
aneesh_va,arjun_siva,1.0,SIMILAR_USER
aneesh_va,gayathri,1.0,SIMILAR_USER
aneesh_va,nitin,1.0,SIMILAR_USER
aneesh_va,sukesh_s,1.0,SIMILAR_USER
arjun_siva,gayathri,1.0,SIMILAR_USER
arjun_siva,nitin,1.0,SIMILAR_USER
arjun_siva,sukesh_s,1.0,SIMILAR_USER
gayathri,nitin,1.0,SIMILAR_USER
gayathri,sukesh_s,1.0,SIMILAR_USER
nitin,sukesh_s,1.0,SIMILAR_USER
dr_p_j_george,govardhan_s,1.0,SIMILAR_USER
dr_p_j_george,prajjawal_sharma,1.0,SIMILAR_USER
dr_p_j_george,sreekrishnan_a_s,1.0,SIMILAR_USER
dr_p_j_george,viswas_koundinyan_g,1.0,SIMILAR_USER
govardhan_s,prajjawal_sharma,1.0,SIMILAR_USER
govardhan_s,sreekrishnan_a_s,1.0,SIMILAR_USER
govardhan_s,viswas_koundinyan_g,1.0,SIMILAR_USER
prajjawal_sharma,sreekrishnan_a_s,1.0,SIMILAR_USER
prajjawal_sharma,viswas_koundinyan_g,1.0,SIMILAR_USER
sreekrishnan_a_s,viswas_koundinyan_g,1.0,SIMILAR_USER
ganesan_t,journey_with_dds___vlog,1.0,SIMILAR_USER
ganesan_t,seenivasan_ramasamy,1.0,SIMILAR_USER
ganesan_t,thangavelu_arun_kumar,1.0,SIMILAR_USER
ganesan_t,travel_paithiyam,1.0,SIMILAR_USER
journey_with_dds___vlog,seenivasan_ramasamy,1.0,SIMILAR_USER
journey_with_dds___vlog,thangavelu_arun_kumar,1.0,SIMILAR_USER
journey_with_dds___vlog,travel_paithiyam,1.0,SIMILAR_USER
seenivasan_ramasamy,thangavelu_arun_kumar,1.0,SIMILAR_USER
seenivasan_ramasamy,travel_paithiyam,1.0,SIMILAR_USER
thangavelu_arun_kumar,travel_paithiyam,1.0,SIMILAR_USER
aishu_v,kader_sulaiman,1.0,SIMILAR_USER
aishu_v,nomadic_shutter,1.0,SIMILAR_USER
aishu_v,sahil_m,1.0,SIMILAR_USER
aishu_v,somnath_m,1.0,SIMILAR_USER
kader_sulaiman,nomadic_shutter,1.0,SIMILAR_USER
kader_sulaiman,sahil_m,1.0,SIMILAR_USER
kader_sulaiman,somnath_m,1.0,SIMILAR_USER
nomadic_shutter,sahil_m,1.0,SIMILAR_USER
nomadic_shutter,somnath_m,1.0,SIMILAR_USER
sahil_m,somnath_m,1.0,SIMILAR_USER
lithisha,praveen_gopalan,1.0,SIMILAR_USER
lithisha,premz_view,1.0,SIMILAR_USER
lithisha,shamini_kiruba,1.0,SIMILAR_USER
lithisha,suresh_perumal,1.0,SIMILAR_USER
praveen_gopalan,premz_view,1.0,SIMILAR_USER
praveen_gopalan,shamini_kiruba,1.0,SIMILAR_USER
praveen_gopalan,suresh_perumal,1.0,SIMILAR_USER
premz_view,shamini_kiruba,1.0,SIMILAR_USER
premz_view,suresh_perumal,1.0,SIMILAR_USER
shamini_kiruba,suresh_perumal,1.0,SIMILAR_USER
abhishek_yadav,jai_prakash_nain,1.0,SIMILAR_USER
abhishek_yadav,jeyaram_d,1.0,SIMILAR_USER
abhishek_yadav,krishnamurthy_i,1.0,SIMILAR_USER
abhishek_yadav,prakash_photography_tvmalai,1.0,SIMILAR_USER
jai_prakash_nain,jeyaram_d,1.0,SIMILAR_USER
jai_prakash_nain,krishnamurthy_i,1.0,SIMILAR_USER
jai_prakash_nain,prakash_photography_tvmalai,1.0,SIMILAR_USER
jeyaram_d,krishnamurthy_i,1.0,SIMILAR_USER
jeyaram_d,prakash_photography_tvmalai,1.0,SIMILAR_USER
krishnamurthy_i,prakash_photography_tvmalai,1.0,SIMILAR_USER
jose_wesley,kaarthikeyan,1.0,SIMILAR_USER
jose_wesley,karthik_velmurugan,1.0,SIMILAR_USER
jose_wesley,sabari_nathan,1.0,SIMILAR_USER
jose_wesley,sathya_raghu,1.0,SIMILAR_USER
kaarthikeyan,karthik_velmurugan,1.0,SIMILAR_USER
kaarthikeyan,sabari_nathan,1.0,SIMILAR_USER
kaarthikeyan,sathya_raghu,1.0,SIMILAR_USER
karthik_velmurugan,sabari_nathan,1.0,SIMILAR_USER
karthik_velmurugan,sathya_raghu,1.0,SIMILAR_USER
sabari_nathan,sathya_raghu,1.0,SIMILAR_USER
arunkumar_thangasamy,jenifer_julie,1.0,SIMILAR_USER
arunkumar_thangasamy,nazeer_hussain__ஒண_ட_ப_ல,1.0,SIMILAR_USER
arunkumar_thangasamy,praise_by_andria_gracious,1.0,SIMILAR_USER
arunkumar_thangasamy,surya_k,1.0,SIMILAR_USER
jenifer_julie,nazeer_hussain__ஒண_ட_ப_ல,1.0,SIMILAR_USER
jenifer_julie,praise_by_andria_gracious,1.0,SIMILAR_USER
jenifer_julie,surya_k,1.0,SIMILAR_USER
nazeer_hussain__ஒண_ட_ப_ல,praise_by_andria_gracious,1.0,SIMILAR_USER
nazeer_hussain__ஒண_ட_ப_ல,surya_k,1.0,SIMILAR_USER
praise_by_andria_gracious,surya_k,1.0,SIMILAR_USER
046_venkatesh_m_k,athul_jeev,1.0,SIMILAR_USER
046_venkatesh_m_k,rakesh_s,1.0,SIMILAR_USER
046_venkatesh_m_k,suresh_jesu,1.0,SIMILAR_USER
046_venkatesh_m_k,vinoth_kumar,1.0,SIMILAR_USER
athul_jeev,rakesh_s,1.0,SIMILAR_USER
athul_jeev,suresh_jesu,1.0,SIMILAR_USER
athul_jeev,vinoth_kumar,1.0,SIMILAR_USER
rakesh_s,suresh_jesu,1.0,SIMILAR_USER
rakesh_s,vinoth_kumar,1.0,SIMILAR_USER
suresh_jesu,vinoth_kumar,1.0,SIMILAR_USER
vinoth_kumar,kumaresan_lakshmanan,1.0,SIMILAR_USER
vinoth_kumar,shyam_sundar,1.0,SIMILAR_USER
vinoth_kumar,yuva_ranjitha,1.0,SIMILAR_USER
abdul_rahman,arunprasath_m,1.0,SIMILAR_USER
abdul_rahman,dr__ramamoorthy_ramu,1.0,SIMILAR_USER
abdul_rahman,kathiravan_piramuthu,1.0,SIMILAR_USER
abdul_rahman,sakthi_prabhu,1.0,SIMILAR_USER
abdul_rahman,george_arunsowriraj,1.0,SIMILAR_USER
abdul_rahman,mohammed_saabiq,1.0,SIMILAR_USER
abdul_rahman,sathya_sachinism,1.0,SIMILAR_USER
abdul_rahman,velayutham_raja,1.0,SIMILAR_USER
abdul_rahman,amirthaprakash_c,1.0,SIMILAR_USER
abdul_rahman,ansaf_muhammed,1.0,SIMILAR_USER
abdul_rahman,anto_navis__techguy,1.0,SIMILAR_USER
abdul_rahman,ponsheela_m,1.0,SIMILAR_USER
abdul_rahman,m_siva_subramanian,1.0,SIMILAR_USER
abdul_rahman,mathan__m,1.0,SIMILAR_USER
abdul_rahman,mukesh_kumar,1.0,SIMILAR_USER
abdul_rahman,sathish_kumar,1.0,SIMILAR_USER
arunprasath_m,dr__ramamoorthy_ramu,1.0,SIMILAR_USER
arunprasath_m,kathiravan_piramuthu,1.0,SIMILAR_USER
arunprasath_m,sakthi_prabhu,1.0,SIMILAR_USER
dr__ramamoorthy_ramu,kathiravan_piramuthu,1.0,SIMILAR_USER
dr__ramamoorthy_ramu,sakthi_prabhu,1.0,SIMILAR_USER
kathiravan_piramuthu,sakthi_prabhu,1.0,SIMILAR_USER
anfas_salim,anoop_kamal,1.0,SIMILAR_USER
anfas_salim,dark_wizard,1.0,SIMILAR_USER
anfas_salim,sree_kumar_a,1.0,SIMILAR_USER
anoop_kamal,dark_wizard,1.0,SIMILAR_USER
anoop_kamal,sree_kumar_a,1.0,SIMILAR_USER
dark_wizard,sree_kumar_a,1.0,SIMILAR_USER
adv__a_v_avijith,anilkumar_mk,1.0,SIMILAR_USER
adv__a_v_avijith,arjuka,1.0,SIMILAR_USER
adv__a_v_avijith,shibin_s_s,1.0,SIMILAR_USER
adv__a_v_avijith,shibu_shibs,1.0,SIMILAR_USER
anilkumar_mk,arjuka,1.0,SIMILAR_USER
anilkumar_mk,shibin_s_s,1.0,SIMILAR_USER
anilkumar_mk,shibu_shibs,1.0,SIMILAR_USER
arjuka,shibin_s_s,1.0,SIMILAR_USER
arjuka,shibu_shibs,1.0,SIMILAR_USER
arjuka,gauthaman_ar,1.0,SIMILAR_USER
arjuka,sailesh_babu,1.0,SIMILAR_USER
arjuka,shriram,1.0,SIMILAR_USER
arjuka,srividhya_rajesh,1.0,SIMILAR_USER
arjuka,b1no,1.0,SIMILAR_USER
arjuka,poulose_ke,1.0,SIMILAR_USER
arjuka,shameer_m_basheer,1.0,SIMILAR_USER
arjuka,شيخ_صفا_سابينا,1.0,SIMILAR_USER
shibin_s_s,shibu_shibs,1.0,SIMILAR_USER
abdul_ajeeze,kasi_rajan,1.0,SIMILAR_USER
abdul_ajeeze,maragatham_j,1.0,SIMILAR_USER
abdul_ajeeze,saravanan_v,1.0,SIMILAR_USER
abdul_ajeeze,world_of_mathematics,1.0,SIMILAR_USER
kasi_rajan,maragatham_j,1.0,SIMILAR_USER
kasi_rajan,saravanan_v,1.0,SIMILAR_USER
kasi_rajan,world_of_mathematics,1.0,SIMILAR_USER
maragatham_j,saravanan_v,1.0,SIMILAR_USER
maragatham_j,world_of_mathematics,1.0,SIMILAR_USER
saravanan_v,world_of_mathematics,1.0,SIMILAR_USER
aswin_maxwrist,beryl_rose,1.0,SIMILAR_USER
aswin_maxwrist,govind_k,1.0,SIMILAR_USER
aswin_maxwrist,nithish_narayanan,1.0,SIMILAR_USER
aswin_maxwrist,sivashankar_r,1.0,SIMILAR_USER
beryl_rose,govind_k,1.0,SIMILAR_USER
beryl_rose,nithish_narayanan,1.0,SIMILAR_USER
beryl_rose,sivashankar_r,1.0,SIMILAR_USER
govind_k,nithish_narayanan,1.0,SIMILAR_USER
govind_k,sivashankar_r,1.0,SIMILAR_USER
nithish_narayanan,sivashankar_r,1.0,SIMILAR_USER
sivashankar_r,j_johnson,1.0,SIMILAR_USER
sivashankar_r,raja_rs,1.0,SIMILAR_USER
sivashankar_r,rengaraj_rengasamy,1.0,SIMILAR_USER
sivashankar_r,vijay_m,1.0,SIMILAR_USER
david_viniston,divya_krishnan,1.0,SIMILAR_USER
david_viniston,prakash_kumar,1.0,SIMILAR_USER
david_viniston,ramesh_sundarrajan,1.0,SIMILAR_USER
david_viniston,senthil_kumar,1.0,SIMILAR_USER
divya_krishnan,prakash_kumar,1.0,SIMILAR_USER
divya_krishnan,ramesh_sundarrajan,1.0,SIMILAR_USER
divya_krishnan,senthil_kumar,1.0,SIMILAR_USER
prakash_kumar,ramesh_sundarrajan,1.0,SIMILAR_USER
prakash_kumar,senthil_kumar,1.0,SIMILAR_USER
ramesh_sundarrajan,senthil_kumar,1.0,SIMILAR_USER
senthil_kumar,ayya_thurai,1.0,SIMILAR_USER
senthil_kumar,dùráī_màddy,1.0,SIMILAR_USER
senthil_kumar,krishnakumar_r,1.0,SIMILAR_USER
senthil_kumar,skf_tech_gurus,1.0,SIMILAR_USER
kumaresan_lakshmanan,shyam_sundar,1.0,SIMILAR_USER
kumaresan_lakshmanan,yuva_ranjitha,1.0,SIMILAR_USER
kumaresan_lakshmanan,anandtvl,1.0,SIMILAR_USER
kumaresan_lakshmanan,antony_stephen,1.0,SIMILAR_USER
kumaresan_lakshmanan,ramakumar_ulaganathan,1.0,SIMILAR_USER
kumaresan_lakshmanan,vinoth_raja_k,1.0,SIMILAR_USER
shyam_sundar,yuva_ranjitha,1.0,SIMILAR_USER
dinesh_e,selva_selva,1.0,SIMILAR_USER
dinesh_e,writer_and_traveller,1.0,SIMILAR_USER
dinesh_e,ச_ர_ந_தர__க_ம_ர,1.0,SIMILAR_USER
selva_selva,writer_and_traveller,1.0,SIMILAR_USER
selva_selva,ச_ர_ந_தர__க_ம_ர,1.0,SIMILAR_USER
selva_selva,abdul_rasith,1.0,SIMILAR_USER
selva_selva,husain_abu_hunaid,1.0,SIMILAR_USER
selva_selva,malik_m,1.0,SIMILAR_USER
selva_selva,mohammed_saleem,1.0,SIMILAR_USER
writer_and_traveller,ச_ர_ந_தர__க_ம_ர,1.0,SIMILAR_USER
adarsh_a,adarsh_p_deep,1.0,SIMILAR_USER
adarsh_a,cradby_cruizer,1.0,SIMILAR_USER
adarsh_a,josh_11,1.0,SIMILAR_USER
adarsh_a,sreenath,1.0,SIMILAR_USER
adarsh_p_deep,cradby_cruizer,1.0,SIMILAR_USER
adarsh_p_deep,josh_11,1.0,SIMILAR_USER
adarsh_p_deep,sreenath,1.0,SIMILAR_USER
cradby_cruizer,josh_11,1.0,SIMILAR_USER
cradby_cruizer,sreenath,1.0,SIMILAR_USER
josh_11,sreenath,1.0,SIMILAR_USER
abhishek_vijayan,bharani_t,1.0,SIMILAR_USER
abhishek_vijayan,karthick,1.0,SIMILAR_USER
abhishek_vijayan,prakash_ntk,1.0,SIMILAR_USER
abhishek_vijayan,praveen_kumar_raja,1.0,SIMILAR_USER
bharani_t,karthick,1.0,SIMILAR_USER
bharani_t,prakash_ntk,1.0,SIMILAR_USER
bharani_t,praveen_kumar_raja,1.0,SIMILAR_USER
karthick,prakash_ntk,1.0,SIMILAR_USER
karthick,praveen_kumar_raja,1.0,SIMILAR_USER
karthick,balaram_das,1.0,SIMILAR_USER
karthick,infant_uva,1.0,SIMILAR_USER
karthick,vignesh_kumar,1.0,SIMILAR_USER
karthick,vishwalingam_m_s,1.0,SIMILAR_USER
prakash_ntk,praveen_kumar_raja,1.0,SIMILAR_USER
deepak_s,mohammad_muneeb,1.0,SIMILAR_USER
deepak_s,nidhin_kumar,1.0,SIMILAR_USER
deepak_s,sajin_murali,1.0,SIMILAR_USER
deepak_s,vishnupriya_v,1.0,SIMILAR_USER
mohammad_muneeb,nidhin_kumar,1.0,SIMILAR_USER
mohammad_muneeb,sajin_murali,1.0,SIMILAR_USER
mohammad_muneeb,vishnupriya_v,1.0,SIMILAR_USER
nidhin_kumar,sajin_murali,1.0,SIMILAR_USER
nidhin_kumar,vishnupriya_v,1.0,SIMILAR_USER
sajin_murali,vishnupriya_v,1.0,SIMILAR_USER
george_arunsowriraj,mohammed_saabiq,1.0,SIMILAR_USER
george_arunsowriraj,sathya_sachinism,1.0,SIMILAR_USER
george_arunsowriraj,velayutham_raja,1.0,SIMILAR_USER
mohammed_saabiq,sathya_sachinism,1.0,SIMILAR_USER
mohammed_saabiq,velayutham_raja,1.0,SIMILAR_USER
sathya_sachinism,velayutham_raja,1.0,SIMILAR_USER
azhar_muhammed,insane_alastor,1.0,SIMILAR_USER
azhar_muhammed,manjunatha_balakrishna,1.0,SIMILAR_USER
azhar_muhammed,vigneshwaran_santharam,1.0,SIMILAR_USER
azhar_muhammed,vishnu_kala,1.0,SIMILAR_USER
insane_alastor,manjunatha_balakrishna,1.0,SIMILAR_USER
insane_alastor,vigneshwaran_santharam,1.0,SIMILAR_USER
insane_alastor,vishnu_kala,1.0,SIMILAR_USER
manjunatha_balakrishna,vigneshwaran_santharam,1.0,SIMILAR_USER
manjunatha_balakrishna,vishnu_kala,1.0,SIMILAR_USER
vigneshwaran_santharam,vishnu_kala,1.0,SIMILAR_USER
balaji_gunasekaran,raja,1.0,SIMILAR_USER
balaji_gunasekaran,selvin_navaraj,1.0,SIMILAR_USER
balaji_gunasekaran,subash,1.0,SIMILAR_USER
balaji_gunasekaran,venkatraman_srinivasan,1.0,SIMILAR_USER
raja,selvin_navaraj,1.0,SIMILAR_USER
raja,subash,1.0,SIMILAR_USER
raja,venkatraman_srinivasan,1.0,SIMILAR_USER
selvin_navaraj,subash,1.0,SIMILAR_USER
selvin_navaraj,venkatraman_srinivasan,1.0,SIMILAR_USER
subash,venkatraman_srinivasan,1.0,SIMILAR_USER
subash,piramanayagam_chellappa,1.0,SIMILAR_USER
subash,rishwanth_karthikeyan,1.0,SIMILAR_USER
subash,udayan_sivaraman,1.0,SIMILAR_USER
subash,vimal_prashanth_molli,1.0,SIMILAR_USER
anandtvl,bala,1.0,SIMILAR_USER
anandtvl,joice_thinakaran,1.0,SIMILAR_USER
anandtvl,nirmalkumar_r,1.0,SIMILAR_USER
anandtvl,wow_farm_house,1.0,SIMILAR_USER
anandtvl,charmathurai_s,1.0,SIMILAR_USER
anandtvl,prince_p_m,1.0,SIMILAR_USER
anandtvl,sai_kumar,1.0,SIMILAR_USER
anandtvl,satish_dhanaraj,1.0,SIMILAR_USER
anandtvl,antony_stephen,1.0,SIMILAR_USER
anandtvl,ramakumar_ulaganathan,1.0,SIMILAR_USER
anandtvl,vinoth_raja_k,1.0,SIMILAR_USER
bala,joice_thinakaran,1.0,SIMILAR_USER
bala,nirmalkumar_r,1.0,SIMILAR_USER
bala,wow_farm_house,1.0,SIMILAR_USER
joice_thinakaran,nirmalkumar_r,1.0,SIMILAR_USER
joice_thinakaran,wow_farm_house,1.0,SIMILAR_USER
nirmalkumar_r,wow_farm_house,1.0,SIMILAR_USER
divya_premsankar,r_a_h_u_l_k_u_m_a_r,1.0,SIMILAR_USER
divya_premsankar,rahul_vs,1.0,SIMILAR_USER
divya_premsankar,sabari_nath_harshan_nair,1.0,SIMILAR_USER
divya_premsankar,vighnesh_syam,1.0,SIMILAR_USER
r_a_h_u_l_k_u_m_a_r,rahul_vs,1.0,SIMILAR_USER
r_a_h_u_l_k_u_m_a_r,sabari_nath_harshan_nair,1.0,SIMILAR_USER
r_a_h_u_l_k_u_m_a_r,vighnesh_syam,1.0,SIMILAR_USER
rahul_vs,sabari_nath_harshan_nair,1.0,SIMILAR_USER
rahul_vs,vighnesh_syam,1.0,SIMILAR_USER
sabari_nath_harshan_nair,vighnesh_syam,1.0,SIMILAR_USER
muhammed_shah,navin_natarajan,1.0,SIMILAR_USER
muhammed_shah,pranav_mohan_das,1.0,SIMILAR_USER
muhammed_shah,shaiju_nazeer,1.0,SIMILAR_USER
muhammed_shah,vijith_uzhamalakkal,1.0,SIMILAR_USER
navin_natarajan,pranav_mohan_das,1.0,SIMILAR_USER
navin_natarajan,shaiju_nazeer,1.0,SIMILAR_USER
navin_natarajan,vijith_uzhamalakkal,1.0,SIMILAR_USER
pranav_mohan_das,shaiju_nazeer,1.0,SIMILAR_USER
pranav_mohan_das,vijith_uzhamalakkal,1.0,SIMILAR_USER
shaiju_nazeer,vijith_uzhamalakkal,1.0,SIMILAR_USER
adaikal,senthil_murugan,1.0,SIMILAR_USER
adaikal,sheela_v,1.0,SIMILAR_USER
adaikal,sorna_r_shankar,1.0,SIMILAR_USER
adaikal,vijaya_ks,1.0,SIMILAR_USER
senthil_murugan,sheela_v,1.0,SIMILAR_USER
senthil_murugan,sorna_r_shankar,1.0,SIMILAR_USER
senthil_murugan,vijaya_ks,1.0,SIMILAR_USER
sheela_v,sorna_r_shankar,1.0,SIMILAR_USER
sheela_v,vijaya_ks,1.0,SIMILAR_USER
sorna_r_shankar,vijaya_ks,1.0,SIMILAR_USER
abhimanyu_k_r,prasanth_t_yadav,1.0,SIMILAR_USER
abhimanyu_k_r,sarath_sasi,1.0,SIMILAR_USER
abhimanyu_k_r,sreehari_v_bhoopesh,1.0,SIMILAR_USER
abhimanyu_k_r,unnikrishnan,1.0,SIMILAR_USER
prasanth_t_yadav,sarath_sasi,1.0,SIMILAR_USER
prasanth_t_yadav,sreehari_v_bhoopesh,1.0,SIMILAR_USER
prasanth_t_yadav,unnikrishnan,1.0,SIMILAR_USER
sarath_sasi,sreehari_v_bhoopesh,1.0,SIMILAR_USER
sarath_sasi,unnikrishnan,1.0,SIMILAR_USER
sreehari_v_bhoopesh,unnikrishnan,1.0,SIMILAR_USER
biju_r,kesavan_aswin,1.0,SIMILAR_USER
biju_r,legendsonly__shop,1.0,SIMILAR_USER
biju_r,santhosh_kumar,1.0,SIMILAR_USER
biju_r,venkatesh_yadhav,1.0,SIMILAR_USER
kesavan_aswin,legendsonly__shop,1.0,SIMILAR_USER
kesavan_aswin,santhosh_kumar,1.0,SIMILAR_USER
kesavan_aswin,venkatesh_yadhav,1.0,SIMILAR_USER
legendsonly__shop,santhosh_kumar,1.0,SIMILAR_USER
legendsonly__shop,venkatesh_yadhav,1.0,SIMILAR_USER
santhosh_kumar,venkatesh_yadhav,1.0,SIMILAR_USER
santhosh_kumar,abdul_kader_a_thahir,1.0,SIMILAR_USER
santhosh_kumar,rajan_m,1.0,SIMILAR_USER
santhosh_kumar,syed_sulaiman,1.0,SIMILAR_USER
santhosh_kumar,ukkasim_shahulhajira,1.0,SIMILAR_USER
adwaith_krishna,jay_ruonoht,1.0,SIMILAR_USER
adwaith_krishna,meshal_joseph,1.0,SIMILAR_USER
adwaith_krishna,mohammed_masood,1.0,SIMILAR_USER
adwaith_krishna,rohith_menon,1.0,SIMILAR_USER
adwaith_krishna,arun_rajan,1.0,SIMILAR_USER
adwaith_krishna,joseph_john_thoppil,1.0,SIMILAR_USER
adwaith_krishna,shimnith_m,1.0,SIMILAR_USER
adwaith_krishna,sinu_mamachen,1.0,SIMILAR_USER
jay_ruonoht,meshal_joseph,1.0,SIMILAR_USER
jay_ruonoht,mohammed_masood,1.0,SIMILAR_USER
jay_ruonoht,rohith_menon,1.0,SIMILAR_USER
meshal_joseph,mohammed_masood,1.0,SIMILAR_USER
meshal_joseph,rohith_menon,1.0,SIMILAR_USER
mohammed_masood,rohith_menon,1.0,SIMILAR_USER
amirthaprakash_c,ansaf_muhammed,1.0,SIMILAR_USER
amirthaprakash_c,anto_navis__techguy,1.0,SIMILAR_USER
amirthaprakash_c,ponsheela_m,1.0,SIMILAR_USER
ansaf_muhammed,anto_navis__techguy,1.0,SIMILAR_USER
ansaf_muhammed,ponsheela_m,1.0,SIMILAR_USER
anto_navis__techguy,ponsheela_m,1.0,SIMILAR_USER
mahalingam_a,mohammed_haris_rahuman_adam,1.0,SIMILAR_USER
mahalingam_a,mohammed_yasin,1.0,SIMILAR_USER
mahalingam_a,sankara_narayanan,1.0,SIMILAR_USER
mahalingam_a,wahshi,1.0,SIMILAR_USER
mohammed_haris_rahuman_adam,mohammed_yasin,1.0,SIMILAR_USER
mohammed_haris_rahuman_adam,sankara_narayanan,1.0,SIMILAR_USER
mohammed_haris_rahuman_adam,wahshi,1.0,SIMILAR_USER
mohammed_yasin,sankara_narayanan,1.0,SIMILAR_USER
mohammed_yasin,wahshi,1.0,SIMILAR_USER
sankara_narayanan,wahshi,1.0,SIMILAR_USER
anoop_g,ja,1.0,SIMILAR_USER
anoop_g,kpmmnr,1.0,SIMILAR_USER
anoop_g,r_sreeram,1.0,SIMILAR_USER
anoop_g,xavier,1.0,SIMILAR_USER
ja,kpmmnr,1.0,SIMILAR_USER
ja,r_sreeram,1.0,SIMILAR_USER
ja,xavier,1.0,SIMILAR_USER
kpmmnr,r_sreeram,1.0,SIMILAR_USER
kpmmnr,xavier,1.0,SIMILAR_USER
r_sreeram,xavier,1.0,SIMILAR_USER
abey_johnsen,parvathy_r,1.0,SIMILAR_USER
abey_johnsen,sajikumar_js,1.0,SIMILAR_USER
abey_johnsen,sreehari_s,1.0,SIMILAR_USER
parvathy_r,sajikumar_js,1.0,SIMILAR_USER
parvathy_r,sreehari_s,1.0,SIMILAR_USER
sajikumar_js,sreehari_s,1.0,SIMILAR_USER
hari_sundar,jonathan_jackson,1.0,SIMILAR_USER
hari_sundar,nlogicx,1.0,SIMILAR_USER
hari_sundar,ramaa_s,1.0,SIMILAR_USER
hari_sundar,siju_mohan,1.0,SIMILAR_USER
jonathan_jackson,nlogicx,1.0,SIMILAR_USER
jonathan_jackson,ramaa_s,1.0,SIMILAR_USER
jonathan_jackson,siju_mohan,1.0,SIMILAR_USER
nlogicx,ramaa_s,1.0,SIMILAR_USER
nlogicx,siju_mohan,1.0,SIMILAR_USER
ramaa_s,siju_mohan,1.0,SIMILAR_USER
amol_mande,r_venkatesan,1.0,SIMILAR_USER
amol_mande,satheesh_kumar,1.0,SIMILAR_USER
amol_mande,shankar_mahadevan,1.0,SIMILAR_USER
amol_mande,siva_chidambaram,1.0,SIMILAR_USER
amol_mande,muthu_kumaran,1.0,SIMILAR_USER
amol_mande,nandhu,1.0,SIMILAR_USER
amol_mande,sandhu_santhakumar,2.0,SIMILAR_USER
amol_mande,santhavel_natarajan,1.0,SIMILAR_USER
amol_mande,mani_kandan,1.0,SIMILAR_USER
amol_mande,ramesh_sekar,1.0,SIMILAR_USER
amol_mande,ratheesh_kannan,1.0,SIMILAR_USER
r_venkatesan,satheesh_kumar,1.0,SIMILAR_USER
r_venkatesan,shankar_mahadevan,1.0,SIMILAR_USER
r_venkatesan,siva_chidambaram,1.0,SIMILAR_USER
satheesh_kumar,shankar_mahadevan,1.0,SIMILAR_USER
satheesh_kumar,siva_chidambaram,1.0,SIMILAR_USER
shankar_mahadevan,siva_chidambaram,1.0,SIMILAR_USER
irsath_bismi,s_p_rajasingh,1.0,SIMILAR_USER
irsath_bismi,sudhakar_godwin,1.0,SIMILAR_USER
irsath_bismi,t_srivarshan,1.0,SIMILAR_USER
irsath_bismi,yasar_ismail__yasar_kmr,1.0,SIMILAR_USER
s_p_rajasingh,sudhakar_godwin,1.0,SIMILAR_USER
s_p_rajasingh,t_srivarshan,1.0,SIMILAR_USER
s_p_rajasingh,yasar_ismail__yasar_kmr,1.0,SIMILAR_USER
sudhakar_godwin,t_srivarshan,1.0,SIMILAR_USER
sudhakar_godwin,yasar_ismail__yasar_kmr,1.0,SIMILAR_USER
t_srivarshan,yasar_ismail__yasar_kmr,1.0,SIMILAR_USER
muthu_kumaran,nandhu,1.0,SIMILAR_USER
muthu_kumaran,sandhu_santhakumar,1.0,SIMILAR_USER
muthu_kumaran,santhavel_natarajan,1.0,SIMILAR_USER
nandhu,sandhu_santhakumar,1.0,SIMILAR_USER
nandhu,santhavel_natarajan,1.0,SIMILAR_USER
sandhu_santhakumar,santhavel_natarajan,1.0,SIMILAR_USER
sandhu_santhakumar,mani_kandan,1.0,SIMILAR_USER
sandhu_santhakumar,ramesh_sekar,1.0,SIMILAR_USER
sandhu_santhakumar,ratheesh_kannan,1.0,SIMILAR_USER
piramanayagam_chellappa,rishwanth_karthikeyan,1.0,SIMILAR_USER
piramanayagam_chellappa,udayan_sivaraman,1.0,SIMILAR_USER
piramanayagam_chellappa,vimal_prashanth_molli,1.0,SIMILAR_USER
rishwanth_karthikeyan,udayan_sivaraman,1.0,SIMILAR_USER
rishwanth_karthikeyan,vimal_prashanth_molli,1.0,SIMILAR_USER
udayan_sivaraman,vimal_prashanth_molli,1.0,SIMILAR_USER
abu_siddique,balaraman_ramachandran,1.0,SIMILAR_USER
abu_siddique,dinesh,1.0,SIMILAR_USER
abu_siddique,lambert_rizario,1.0,SIMILAR_USER
abu_siddique,sha_nawas,1.0,SIMILAR_USER
balaraman_ramachandran,dinesh,1.0,SIMILAR_USER
balaraman_ramachandran,lambert_rizario,1.0,SIMILAR_USER
balaraman_ramachandran,sha_nawas,1.0,SIMILAR_USER
dinesh,lambert_rizario,1.0,SIMILAR_USER
dinesh,sha_nawas,1.0,SIMILAR_USER
lambert_rizario,sha_nawas,1.0,SIMILAR_USER
anantha_perumal,jenil_karthick,1.0,SIMILAR_USER
anantha_perumal,nathan_p,1.0,SIMILAR_USER
anantha_perumal,prabaharan_p,1.0,SIMILAR_USER
anantha_perumal,rajesh_kanna,1.0,SIMILAR_USER
jenil_karthick,nathan_p,1.0,SIMILAR_USER
jenil_karthick,prabaharan_p,1.0,SIMILAR_USER
jenil_karthick,rajesh_kanna,1.0,SIMILAR_USER
nathan_p,prabaharan_p,1.0,SIMILAR_USER
nathan_p,rajesh_kanna,1.0,SIMILAR_USER
prabaharan_p,rajesh_kanna,1.0,SIMILAR_USER
prabaharan_p,arun_unni,1.0,SIMILAR_USER
prabaharan_p,kathiresan_murugan,1.0,SIMILAR_USER
prabaharan_p,kilakarai_foodie_javitheats,1.0,SIMILAR_USER
prabaharan_p,ramanan,1.0,SIMILAR_USER
rajesh_kanna,bharath_r,1.0,SIMILAR_USER
rajesh_kanna,hari_thalapathy,1.0,SIMILAR_USER
rajesh_kanna,jishnu_j,1.0,SIMILAR_USER
rajesh_kanna,sriram_ramakrishnan,1.0,SIMILAR_USER
bugra_alkan,hari_pranav,1.0,SIMILAR_USER
bugra_alkan,saravanan_m,1.0,SIMILAR_USER
bugra_alkan,vimal_kumar,1.0,SIMILAR_USER
hari_pranav,saravanan_m,1.0,SIMILAR_USER
hari_pranav,vimal_kumar,1.0,SIMILAR_USER
hari_pranav,deepika_deeps,1.0,SIMILAR_USER
hari_pranav,dineshwar_nithyanantham,1.0,SIMILAR_USER
hari_pranav,rajavel_r,1.0,SIMILAR_USER
hari_pranav,saravana_kumar,1.0,SIMILAR_USER
saravanan_m,vimal_kumar,1.0,SIMILAR_USER
ashwin_ashwin,rittu_varghese,1.0,SIMILAR_USER
ashwin_ashwin,siva_bala,1.0,SIMILAR_USER
ashwin_ashwin,vinayak_r_nair,1.0,SIMILAR_USER
ashwin_ashwin,yeshwanth_yeshu,1.0,SIMILAR_USER
ashwin_ashwin,chennaivaasi,1.0,SIMILAR_USER
ashwin_ashwin,jamal_jaffer,1.0,SIMILAR_USER
ashwin_ashwin,santhoshkumar,1.0,SIMILAR_USER
ashwin_ashwin,shakti_acharya,1.0,SIMILAR_USER
rittu_varghese,siva_bala,1.0,SIMILAR_USER
rittu_varghese,vinayak_r_nair,1.0,SIMILAR_USER
rittu_varghese,yeshwanth_yeshu,1.0,SIMILAR_USER
siva_bala,vinayak_r_nair,1.0,SIMILAR_USER
siva_bala,yeshwanth_yeshu,1.0,SIMILAR_USER
vinayak_r_nair,yeshwanth_yeshu,1.0,SIMILAR_USER
mani_kandan,ramesh_sekar,1.0,SIMILAR_USER
mani_kandan,ratheesh_kannan,1.0,SIMILAR_USER
mani_kandan,esakki_raj,1.0,SIMILAR_USER
mani_kandan,mani_kandan_s,1.0,SIMILAR_USER
mani_kandan,sakthivel_p,1.0,SIMILAR_USER
mani_kandan,aibin_hawkz,1.0,SIMILAR_USER
mani_kandan,aravindan_sankaranarayanan,1.0,SIMILAR_USER
mani_kandan,dd,1.0,SIMILAR_USER
mani_kandan,giftson_david,1.0,SIMILAR_USER
ramesh_sekar,ratheesh_kannan,1.0,SIMILAR_USER
akhil_raj,muhassin_ps,1.0,SIMILAR_USER
akhil_raj,nithin_sasikumar,1.0,SIMILAR_USER
akhil_raj,solo_traveller,1.0,SIMILAR_USER
akhil_raj,muthukrishnan_shenbagam,1.0,SIMILAR_USER
akhil_raj,rgr_raj_thiyagarajan,1.0,SIMILAR_USER
akhil_raj,santhana_pandi,1.0,SIMILAR_USER
akhil_raj,vj_saba,1.0,SIMILAR_USER
akhil_raj,asr_360,1.0,SIMILAR_USER
akhil_raj,m_chittrarul,1.0,SIMILAR_USER
akhil_raj,rider_47,1.0,SIMILAR_USER
akhil_raj,vigneshkumar_sivakumar,1.0,SIMILAR_USER
muhassin_ps,nithin_sasikumar,1.0,SIMILAR_USER
muhassin_ps,solo_traveller,1.0,SIMILAR_USER
nithin_sasikumar,solo_traveller,1.0,SIMILAR_USER
amjad_v_k,padmaraj_lekshminarayanan,1.0,SIMILAR_USER
amjad_v_k,sai_pranav,1.0,SIMILAR_USER
amjad_v_k,sudhir_kumar,1.0,SIMILAR_USER
amjad_v_k,xavier_augustine,1.0,SIMILAR_USER
padmaraj_lekshminarayanan,sai_pranav,1.0,SIMILAR_USER
padmaraj_lekshminarayanan,sudhir_kumar,1.0,SIMILAR_USER
padmaraj_lekshminarayanan,xavier_augustine,1.0,SIMILAR_USER
sai_pranav,sudhir_kumar,1.0,SIMILAR_USER
sai_pranav,xavier_augustine,1.0,SIMILAR_USER
sudhir_kumar,xavier_augustine,1.0,SIMILAR_USER
aravind_kumar,goutham_dan,1.0,SIMILAR_USER
aravind_kumar,prakash_raj,1.0,SIMILAR_USER
aravind_kumar,r_visveswaran,1.0,SIMILAR_USER
aravind_kumar,v_s,1.0,SIMILAR_USER
goutham_dan,prakash_raj,1.0,SIMILAR_USER
goutham_dan,r_visveswaran,1.0,SIMILAR_USER
goutham_dan,v_s,1.0,SIMILAR_USER
prakash_raj,r_visveswaran,1.0,SIMILAR_USER
prakash_raj,v_s,1.0,SIMILAR_USER
r_visveswaran,v_s,1.0,SIMILAR_USER
bharathi_k,hs,1.0,SIMILAR_USER
bharathi_k,kayalvizhi_g,1.0,SIMILAR_USER
bharathi_k,nandhini_venkatesan,1.0,SIMILAR_USER
bharathi_k,rajalakshmi_ramakrishnan,1.0,SIMILAR_USER
hs,kayalvizhi_g,1.0,SIMILAR_USER
hs,nandhini_venkatesan,1.0,SIMILAR_USER
hs,rajalakshmi_ramakrishnan,1.0,SIMILAR_USER
kayalvizhi_g,nandhini_venkatesan,1.0,SIMILAR_USER
kayalvizhi_g,rajalakshmi_ramakrishnan,1.0,SIMILAR_USER
nandhini_venkatesan,rajalakshmi_ramakrishnan,1.0,SIMILAR_USER
nagalakshmi_r,richard,1.0,SIMILAR_USER
nagalakshmi_r,sanju_j_suresh,1.0,SIMILAR_USER
nagalakshmi_r,sathiya_selvam_t,1.0,SIMILAR_USER
nagalakshmi_r,syed_sha_hussain,1.0,SIMILAR_USER
richard,sanju_j_suresh,1.0,SIMILAR_USER
richard,sathiya_selvam_t,1.0,SIMILAR_USER
richard,syed_sha_hussain,1.0,SIMILAR_USER
sanju_j_suresh,sathiya_selvam_t,1.0,SIMILAR_USER
sanju_j_suresh,syed_sha_hussain,1.0,SIMILAR_USER
sathiya_selvam_t,syed_sha_hussain,1.0,SIMILAR_USER
abe_alex,christian_brother,1.0,SIMILAR_USER
abe_alex,karthick_sudarsan,1.0,SIMILAR_USER
abe_alex,pooja_r,1.0,SIMILAR_USER
abe_alex,sel_vam,1.0,SIMILAR_USER
christian_brother,karthick_sudarsan,1.0,SIMILAR_USER
christian_brother,pooja_r,1.0,SIMILAR_USER
christian_brother,sel_vam,1.0,SIMILAR_USER
karthick_sudarsan,pooja_r,1.0,SIMILAR_USER
karthick_sudarsan,sel_vam,1.0,SIMILAR_USER
pooja_r,sel_vam,1.0,SIMILAR_USER
aravind_ranganathan,shuaib_sherafudheen,1.0,SIMILAR_USER
aravind_ranganathan,tamil_trek_travel,1.0,SIMILAR_USER
aravind_ranganathan,thrilokbabu_darisa,1.0,SIMILAR_USER
aravind_ranganathan,vijayakumar_periyasamy,1.0,SIMILAR_USER
shuaib_sherafudheen,tamil_trek_travel,1.0,SIMILAR_USER
shuaib_sherafudheen,thrilokbabu_darisa,1.0,SIMILAR_USER
shuaib_sherafudheen,vijayakumar_periyasamy,1.0,SIMILAR_USER
tamil_trek_travel,thrilokbabu_darisa,1.0,SIMILAR_USER
tamil_trek_travel,vijayakumar_periyasamy,1.0,SIMILAR_USER
thrilokbabu_darisa,vijayakumar_periyasamy,1.0,SIMILAR_USER
anton_antony,jesu_kumar,1.0,SIMILAR_USER
anton_antony,muthukrishnan_shenbagam,1.0,SIMILAR_USER
anton_antony,shyam_anton,1.0,SIMILAR_USER
anton_antony,sylvia_anita,1.0,SIMILAR_USER
jesu_kumar,muthukrishnan_shenbagam,1.0,SIMILAR_USER
jesu_kumar,shyam_anton,1.0,SIMILAR_USER
jesu_kumar,sylvia_anita,1.0,SIMILAR_USER
muthukrishnan_shenbagam,shyam_anton,1.0,SIMILAR_USER
muthukrishnan_shenbagam,sylvia_anita,1.0,SIMILAR_USER
muthukrishnan_shenbagam,aneesh_antony,1.0,SIMILAR_USER
muthukrishnan_shenbagam,bearded_traveller,1.0,SIMILAR_USER
muthukrishnan_shenbagam,mulshankar_shiv,1.0,SIMILAR_USER
muthukrishnan_shenbagam,sathish_maravan,1.0,SIMILAR_USER
muthukrishnan_shenbagam,rgr_raj_thiyagarajan,1.0,SIMILAR_USER
muthukrishnan_shenbagam,santhana_pandi,1.0,SIMILAR_USER
muthukrishnan_shenbagam,vj_saba,1.0,SIMILAR_USER
shyam_anton,sylvia_anita,1.0,SIMILAR_USER
derrick_f,karthick_baskaran,1.0,SIMILAR_USER
derrick_f,pradeep_b_a,1.0,SIMILAR_USER
derrick_f,vijay_r,1.0,SIMILAR_USER
derrick_f,vinoth_sk,1.0,SIMILAR_USER
karthick_baskaran,pradeep_b_a,1.0,SIMILAR_USER
karthick_baskaran,vijay_r,1.0,SIMILAR_USER
karthick_baskaran,vinoth_sk,1.0,SIMILAR_USER
pradeep_b_a,vijay_r,1.0,SIMILAR_USER
pradeep_b_a,vinoth_sk,1.0,SIMILAR_USER
vijay_r,vinoth_sk,1.0,SIMILAR_USER
aby_mathew_rajan,akhil_thomas,1.0,SIMILAR_USER
aby_mathew_rajan,anantha_krishnan_s_s,1.0,SIMILAR_USER
aby_mathew_rajan,aneesh_antony,1.0,SIMILAR_USER
aby_mathew_rajan,sanoop_suresh,1.0,SIMILAR_USER
akhil_thomas,anantha_krishnan_s_s,1.0,SIMILAR_USER
akhil_thomas,aneesh_antony,1.0,SIMILAR_USER
akhil_thomas,sanoop_suresh,1.0,SIMILAR_USER
anantha_krishnan_s_s,aneesh_antony,1.0,SIMILAR_USER
anantha_krishnan_s_s,sanoop_suresh,1.0,SIMILAR_USER
aneesh_antony,sanoop_suresh,1.0,SIMILAR_USER
aneesh_antony,abishek_arumugam,1.0,SIMILAR_USER
aneesh_antony,arumugam_k,1.0,SIMILAR_USER
aneesh_antony,hari_krishnan_r_k,1.0,SIMILAR_USER
aneesh_antony,nice_johny,1.0,SIMILAR_USER
aneesh_antony,bearded_traveller,1.0,SIMILAR_USER
aneesh_antony,mulshankar_shiv,1.0,SIMILAR_USER
aneesh_antony,sathish_maravan,1.0,SIMILAR_USER
chennaivaasi,jamal_jaffer,1.0,SIMILAR_USER
chennaivaasi,santhoshkumar,1.0,SIMILAR_USER
chennaivaasi,shakti_acharya,1.0,SIMILAR_USER
jamal_jaffer,santhoshkumar,1.0,SIMILAR_USER
jamal_jaffer,shakti_acharya,1.0,SIMILAR_USER
santhoshkumar,shakti_acharya,1.0,SIMILAR_USER
j_johnson,raja_rs,1.0,SIMILAR_USER
j_johnson,rengaraj_rengasamy,1.0,SIMILAR_USER
j_johnson,vijay_m,1.0,SIMILAR_USER
raja_rs,rengaraj_rengasamy,1.0,SIMILAR_USER
raja_rs,vijay_m,1.0,SIMILAR_USER
rengaraj_rengasamy,vijay_m,1.0,SIMILAR_USER
deepika_deeps,dineshwar_nithyanantham,1.0,SIMILAR_USER
deepika_deeps,rajavel_r,1.0,SIMILAR_USER
deepika_deeps,saravana_kumar,1.0,SIMILAR_USER
dineshwar_nithyanantham,rajavel_r,1.0,SIMILAR_USER
dineshwar_nithyanantham,saravana_kumar,1.0,SIMILAR_USER
rajavel_r,saravana_kumar,1.0,SIMILAR_USER
gauthaman_ar,sailesh_babu,1.0,SIMILAR_USER
gauthaman_ar,shriram,1.0,SIMILAR_USER
gauthaman_ar,srividhya_rajesh,1.0,SIMILAR_USER
sailesh_babu,shriram,1.0,SIMILAR_USER
sailesh_babu,srividhya_rajesh,1.0,SIMILAR_USER
shriram,srividhya_rajesh,1.0,SIMILAR_USER
nadarajan_muthukumarasamy,ramakrishnan_v,1.0,SIMILAR_USER
nadarajan_muthukumarasamy,sethu_m,1.0,SIMILAR_USER
ramakrishnan_v,sethu_m,1.0,SIMILAR_USER
kareem_kani,sabari_ram,1.0,SIMILAR_USER
kareem_kani,shamsudeen_makthum,1.0,SIMILAR_USER
kareem_kani,sudar_pillai,1.0,SIMILAR_USER
kareem_kani,vimal_m,1.0,SIMILAR_USER
sabari_ram,shamsudeen_makthum,1.0,SIMILAR_USER
sabari_ram,sudar_pillai,1.0,SIMILAR_USER
sabari_ram,vimal_m,1.0,SIMILAR_USER
shamsudeen_makthum,sudar_pillai,1.0,SIMILAR_USER
shamsudeen_makthum,vimal_m,1.0,SIMILAR_USER
sudar_pillai,vimal_m,1.0,SIMILAR_USER
esakki_raj,mani_kandan_s,1.0,SIMILAR_USER
esakki_raj,sakthivel_p,1.0,SIMILAR_USER
mani_kandan_s,sakthivel_p,1.0,SIMILAR_USER
abhishek,aravind_r,1.0,SIMILAR_USER
abhishek,deepa_rahul_easwar,1.0,SIMILAR_USER
abhishek,jophin,1.0,SIMILAR_USER
abhishek,suganya_nishanth,1.0,SIMILAR_USER
aravind_r,deepa_rahul_easwar,1.0,SIMILAR_USER
aravind_r,jophin,1.0,SIMILAR_USER
aravind_r,suganya_nishanth,1.0,SIMILAR_USER
deepa_rahul_easwar,jophin,1.0,SIMILAR_USER
deepa_rahul_easwar,suganya_nishanth,1.0,SIMILAR_USER
jophin,suganya_nishanth,1.0,SIMILAR_USER
anish_sudhakaran,jaison_thomas,1.0,SIMILAR_USER
anish_sudhakaran,nabeel_ahmed,1.0,SIMILAR_USER
anish_sudhakaran,prathiush_p,1.0,SIMILAR_USER
anish_sudhakaran,s_natarajan,1.0,SIMILAR_USER
jaison_thomas,nabeel_ahmed,1.0,SIMILAR_USER
jaison_thomas,prathiush_p,1.0,SIMILAR_USER
jaison_thomas,s_natarajan,1.0,SIMILAR_USER
nabeel_ahmed,prathiush_p,1.0,SIMILAR_USER
nabeel_ahmed,s_natarajan,1.0,SIMILAR_USER
prathiush_p,s_natarajan,1.0,SIMILAR_USER
ashwath_shiva,dr__raguram_urologist,1.0,SIMILAR_USER
ashwath_shiva,isakki_muthu,1.0,SIMILAR_USER
ashwath_shiva,marudhu_subash,1.0,SIMILAR_USER
ashwath_shiva,sivaguru_jeyakkumar,1.0,SIMILAR_USER
dr__raguram_urologist,isakki_muthu,1.0,SIMILAR_USER
dr__raguram_urologist,marudhu_subash,1.0,SIMILAR_USER
dr__raguram_urologist,sivaguru_jeyakkumar,1.0,SIMILAR_USER
isakki_muthu,marudhu_subash,1.0,SIMILAR_USER
isakki_muthu,sivaguru_jeyakkumar,1.0,SIMILAR_USER
marudhu_subash,sivaguru_jeyakkumar,1.0,SIMILAR_USER
mahadevan_vicky,sabharinath_sureshkumar,1.0,SIMILAR_USER
mahadevan_vicky,senthil_arumugam,1.0,SIMILAR_USER
mahadevan_vicky,shajan_mano,1.0,SIMILAR_USER
mahadevan_vicky,t_s_king001_king,1.0,SIMILAR_USER
sabharinath_sureshkumar,senthil_arumugam,1.0,SIMILAR_USER
sabharinath_sureshkumar,shajan_mano,1.0,SIMILAR_USER
sabharinath_sureshkumar,t_s_king001_king,1.0,SIMILAR_USER
senthil_arumugam,shajan_mano,1.0,SIMILAR_USER
senthil_arumugam,t_s_king001_king,1.0,SIMILAR_USER
shajan_mano,t_s_king001_king,1.0,SIMILAR_USER
bharath_r,hari_thalapathy,1.0,SIMILAR_USER
bharath_r,jishnu_j,1.0,SIMILAR_USER
bharath_r,sriram_ramakrishnan,1.0,SIMILAR_USER
hari_thalapathy,jishnu_j,1.0,SIMILAR_USER
hari_thalapathy,sriram_ramakrishnan,1.0,SIMILAR_USER
jishnu_j,sriram_ramakrishnan,1.0,SIMILAR_USER
balaram_das,infant_uva,1.0,SIMILAR_USER
balaram_das,vignesh_kumar,1.0,SIMILAR_USER
balaram_das,vishwalingam_m_s,1.0,SIMILAR_USER
infant_uva,vignesh_kumar,1.0,SIMILAR_USER
infant_uva,vishwalingam_m_s,1.0,SIMILAR_USER
vignesh_kumar,vishwalingam_m_s,1.0,SIMILAR_USER
manueeé,nidhin_d,1.0,SIMILAR_USER
manueeé,sagar_sadanandan,1.0,SIMILAR_USER
manueeé,velayudhan_vijayan,1.0,SIMILAR_USER
nidhin_d,sagar_sadanandan,1.0,SIMILAR_USER
nidhin_d,velayudhan_vijayan,1.0,SIMILAR_USER
sagar_sadanandan,velayudhan_vijayan,1.0,SIMILAR_USER
haribaskar_k,kailash_kattalay,1.0,SIMILAR_USER
haribaskar_k,rgr_raj_thiyagarajan,1.0,SIMILAR_USER
haribaskar_k,tamil_selvan,1.0,SIMILAR_USER
haribaskar_k,vignesh_m_k_v_family,1.0,SIMILAR_USER
kailash_kattalay,rgr_raj_thiyagarajan,1.0,SIMILAR_USER
kailash_kattalay,tamil_selvan,1.0,SIMILAR_USER
kailash_kattalay,vignesh_m_k_v_family,1.0,SIMILAR_USER
rgr_raj_thiyagarajan,tamil_selvan,1.0,SIMILAR_USER
rgr_raj_thiyagarajan,vignesh_m_k_v_family,1.0,SIMILAR_USER
rgr_raj_thiyagarajan,santhana_pandi,1.0,SIMILAR_USER
rgr_raj_thiyagarajan,vj_saba,1.0,SIMILAR_USER
tamil_selvan,vignesh_m_k_v_family,1.0,SIMILAR_USER
abdul_hameed,senthil_vel,1.0,SIMILAR_USER
abdul_hameed,shiva,1.0,SIMILAR_USER
abdul_hameed,thiruramalingam_s,1.0,SIMILAR_USER
abdul_hameed,veera_pandian,1.0,SIMILAR_USER
senthil_vel,shiva,1.0,SIMILAR_USER
senthil_vel,thiruramalingam_s,1.0,SIMILAR_USER
senthil_vel,veera_pandian,1.0,SIMILAR_USER
shiva,thiruramalingam_s,1.0,SIMILAR_USER
shiva,veera_pandian,1.0,SIMILAR_USER
thiruramalingam_s,veera_pandian,1.0,SIMILAR_USER
abraham_rahul,alagu_selvam_s,1.0,SIMILAR_USER
abraham_rahul,dr_dileep_m_k,1.0,SIMILAR_USER
abraham_rahul,madhuravani_b,1.0,SIMILAR_USER
abraham_rahul,navaneetha_krishnan_v,1.0,SIMILAR_USER
alagu_selvam_s,dr_dileep_m_k,1.0,SIMILAR_USER
alagu_selvam_s,madhuravani_b,1.0,SIMILAR_USER
alagu_selvam_s,navaneetha_krishnan_v,1.0,SIMILAR_USER
dr_dileep_m_k,madhuravani_b,1.0,SIMILAR_USER
dr_dileep_m_k,navaneetha_krishnan_v,1.0,SIMILAR_USER
madhuravani_b,navaneetha_krishnan_v,1.0,SIMILAR_USER
christy_sam,day_dreamer_s,1.0,SIMILAR_USER
christy_sam,imran_khan,1.0,SIMILAR_USER
christy_sam,shunmuganathan_t,1.0,SIMILAR_USER
christy_sam,ப_ரக_ஷ__மண__prakash_mani,1.0,SIMILAR_USER
day_dreamer_s,imran_khan,1.0,SIMILAR_USER
day_dreamer_s,shunmuganathan_t,1.0,SIMILAR_USER
day_dreamer_s,ப_ரக_ஷ__மண__prakash_mani,1.0,SIMILAR_USER
imran_khan,shunmuganathan_t,1.0,SIMILAR_USER
imran_khan,ப_ரக_ஷ__மண__prakash_mani,1.0,SIMILAR_USER
shunmuganathan_t,ப_ரக_ஷ__மண__prakash_mani,1.0,SIMILAR_USER
ajay_raj,hareesh_r,1.0,SIMILAR_USER
ajay_raj,kalyana_sundaram,1.0,SIMILAR_USER
ajay_raj,maheshs,1.0,SIMILAR_USER
ajay_raj,nishanth_kb,1.0,SIMILAR_USER
hareesh_r,kalyana_sundaram,1.0,SIMILAR_USER
hareesh_r,maheshs,1.0,SIMILAR_USER
hareesh_r,nishanth_kb,1.0,SIMILAR_USER
kalyana_sundaram,maheshs,1.0,SIMILAR_USER
kalyana_sundaram,nishanth_kb,1.0,SIMILAR_USER
maheshs,nishanth_kb,1.0,SIMILAR_USER
abdul_kader,compass_clock,1.0,SIMILAR_USER
abdul_kader,kamaludeen_kamal,1.0,SIMILAR_USER
abdul_kader,sulaiman_syed,1.0,SIMILAR_USER
abdul_kader,syed_mohammed_hussain,1.0,SIMILAR_USER
abdul_kader,afzal,1.0,SIMILAR_USER
abdul_kader,kumar,1.0,SIMILAR_USER
abdul_kader,patta_varayan,1.0,SIMILAR_USER
abdul_kader,த_ன_ப_ண_ட__தம_ழன__சரவணன,1.0,SIMILAR_USER
compass_clock,kamaludeen_kamal,1.0,SIMILAR_USER
compass_clock,sulaiman_syed,1.0,SIMILAR_USER
compass_clock,syed_mohammed_hussain,1.0,SIMILAR_USER
kamaludeen_kamal,sulaiman_syed,1.0,SIMILAR_USER
kamaludeen_kamal,syed_mohammed_hussain,1.0,SIMILAR_USER
sulaiman_syed,syed_mohammed_hussain,1.0,SIMILAR_USER
b1no,poulose_ke,1.0,SIMILAR_USER
b1no,shameer_m_basheer,1.0,SIMILAR_USER
b1no,شيخ_صفا_سابينا,1.0,SIMILAR_USER
poulose_ke,shameer_m_basheer,1.0,SIMILAR_USER
poulose_ke,شيخ_صفا_سابينا,1.0,SIMILAR_USER
shameer_m_basheer,شيخ_صفا_سابينا,1.0,SIMILAR_USER
abishek_arumugam,arumugam_k,1.0,SIMILAR_USER
abishek_arumugam,hari_krishnan_r_k,1.0,SIMILAR_USER
abishek_arumugam,nice_johny,1.0,SIMILAR_USER
arumugam_k,hari_krishnan_r_k,1.0,SIMILAR_USER
arumugam_k,nice_johny,1.0,SIMILAR_USER
hari_krishnan_r_k,nice_johny,1.0,SIMILAR_USER
ajc,roby_soni,1.0,SIMILAR_USER
ajc,saroj,1.0,SIMILAR_USER
ajc,sree_nath,1.0,SIMILAR_USER
roby_soni,saroj,1.0,SIMILAR_USER
roby_soni,sree_nath,1.0,SIMILAR_USER
saroj,sree_nath,1.0,SIMILAR_USER
bearded_traveller,mulshankar_shiv,1.0,SIMILAR_USER
bearded_traveller,sathish_maravan,1.0,SIMILAR_USER
mulshankar_shiv,sathish_maravan,1.0,SIMILAR_USER
ilakiyaa_thangam,kanagaraj_a,1.0,SIMILAR_USER
ilakiyaa_thangam,rajesh___a_genuine_jaunts,1.0,SIMILAR_USER
ilakiyaa_thangam,sundari_pashupati,1.0,SIMILAR_USER
ilakiyaa_thangam,suresh_kannan,1.0,SIMILAR_USER
kanagaraj_a,rajesh___a_genuine_jaunts,1.0,SIMILAR_USER
kanagaraj_a,sundari_pashupati,1.0,SIMILAR_USER
kanagaraj_a,suresh_kannan,1.0,SIMILAR_USER
rajesh___a_genuine_jaunts,sundari_pashupati,1.0,SIMILAR_USER
rajesh___a_genuine_jaunts,suresh_kannan,1.0,SIMILAR_USER
sundari_pashupati,suresh_kannan,1.0,SIMILAR_USER
bass_bk_carving,monstermani,1.0,SIMILAR_USER
bass_bk_carving,shanthanam_mari,1.0,SIMILAR_USER
bass_bk_carving,sriram_saran__picturescollections,1.0,SIMILAR_USER
bass_bk_carving,surya_pravin,1.0,SIMILAR_USER
monstermani,shanthanam_mari,1.0,SIMILAR_USER
monstermani,sriram_saran__picturescollections,1.0,SIMILAR_USER
monstermani,surya_pravin,1.0,SIMILAR_USER
shanthanam_mari,sriram_saran__picturescollections,1.0,SIMILAR_USER
shanthanam_mari,surya_pravin,1.0,SIMILAR_USER
sriram_saran__picturescollections,surya_pravin,1.0,SIMILAR_USER
kishore_kumar,mari_mariappan,1.0,SIMILAR_USER
kishore_kumar,shanmuga_vel,1.0,SIMILAR_USER
kishore_kumar,tanishq_vasanth,1.0,SIMILAR_USER
kishore_kumar,xyz_abc,1.0,SIMILAR_USER
mari_mariappan,shanmuga_vel,1.0,SIMILAR_USER
mari_mariappan,tanishq_vasanth,1.0,SIMILAR_USER
mari_mariappan,xyz_abc,1.0,SIMILAR_USER
shanmuga_vel,tanishq_vasanth,1.0,SIMILAR_USER
shanmuga_vel,xyz_abc,1.0,SIMILAR_USER
tanishq_vasanth,xyz_abc,1.0,SIMILAR_USER
baskaran_lakshmanan,haji_home_colletion,1.0,SIMILAR_USER
baskaran_lakshmanan,muthu_kumar,1.0,SIMILAR_USER
baskaran_lakshmanan,natarajan_raman,1.0,SIMILAR_USER
baskaran_lakshmanan,salamon_raja,1.0,SIMILAR_USER
haji_home_colletion,muthu_kumar,1.0,SIMILAR_USER
haji_home_colletion,natarajan_raman,1.0,SIMILAR_USER
haji_home_colletion,salamon_raja,1.0,SIMILAR_USER
muthu_kumar,natarajan_raman,1.0,SIMILAR_USER
muthu_kumar,salamon_raja,1.0,SIMILAR_USER
natarajan_raman,salamon_raja,1.0,SIMILAR_USER
akhil_das,aswin,1.0,SIMILAR_USER
akhil_das,rahul_hari,1.0,SIMILAR_USER
akhil_das,raji_ramya,1.0,SIMILAR_USER
aswin,rahul_hari,1.0,SIMILAR_USER
aswin,raji_ramya,1.0,SIMILAR_USER
rahul_hari,raji_ramya,1.0,SIMILAR_USER
arun_unni,kathiresan_murugan,1.0,SIMILAR_USER
arun_unni,kilakarai_foodie_javitheats,1.0,SIMILAR_USER
arun_unni,ramanan,1.0,SIMILAR_USER
kathiresan_murugan,kilakarai_foodie_javitheats,1.0,SIMILAR_USER
kathiresan_murugan,ramanan,1.0,SIMILAR_USER
kilakarai_foodie_javitheats,ramanan,1.0,SIMILAR_USER
ramanan,bhagavathi_raja_bagavathi,1.0,SIMILAR_USER
ramanan,prem_raj,1.0,SIMILAR_USER
ramanan,saqlain_mushtaq,1.0,SIMILAR_USER
ramanan,vk_ohmprakash,1.0,SIMILAR_USER
a_v_bhaskar,arun_suresh_n,1.0,SIMILAR_USER
a_v_bhaskar,inba_ganesh,1.0,SIMILAR_USER
a_v_bhaskar,purushothaman_nandagopalan,1.0,SIMILAR_USER
a_v_bhaskar,sivanesan_siva,1.0,SIMILAR_USER
arun_suresh_n,inba_ganesh,1.0,SIMILAR_USER
arun_suresh_n,purushothaman_nandagopalan,1.0,SIMILAR_USER
arun_suresh_n,sivanesan_siva,1.0,SIMILAR_USER
inba_ganesh,purushothaman_nandagopalan,1.0,SIMILAR_USER
inba_ganesh,sivanesan_siva,1.0,SIMILAR_USER
purushothaman_nandagopalan,sivanesan_siva,1.0,SIMILAR_USER
iyyappan_h,mass_vijay,1.0,SIMILAR_USER
iyyappan_h,rajaessaky,1.0,SIMILAR_USER
iyyappan_h,shamngasundaram,1.0,SIMILAR_USER
iyyappan_h,thirumalai_ramanujam,1.0,SIMILAR_USER
mass_vijay,rajaessaky,1.0,SIMILAR_USER
mass_vijay,shamngasundaram,1.0,SIMILAR_USER
mass_vijay,thirumalai_ramanujam,1.0,SIMILAR_USER
rajaessaky,shamngasundaram,1.0,SIMILAR_USER
rajaessaky,thirumalai_ramanujam,1.0,SIMILAR_USER
shamngasundaram,thirumalai_ramanujam,1.0,SIMILAR_USER
santhana_pandi,vj_saba,1.0,SIMILAR_USER
arun_rajan,joseph_john_thoppil,1.0,SIMILAR_USER
arun_rajan,shimnith_m,1.0,SIMILAR_USER
arun_rajan,sinu_mamachen,1.0,SIMILAR_USER
joseph_john_thoppil,shimnith_m,1.0,SIMILAR_USER
joseph_john_thoppil,sinu_mamachen,1.0,SIMILAR_USER
shimnith_m,sinu_mamachen,1.0,SIMILAR_USER
muthukrishnan_dawson,raja_lakshmi,1.0,SIMILAR_USER
muthukrishnan_dawson,rama_chandran,1.0,SIMILAR_USER
muthukrishnan_dawson,sankaralingam_v,1.0,SIMILAR_USER
muthukrishnan_dawson,v_s__keerthana,1.0,SIMILAR_USER
raja_lakshmi,rama_chandran,1.0,SIMILAR_USER
raja_lakshmi,sankaralingam_v,1.0,SIMILAR_USER
raja_lakshmi,v_s__keerthana,1.0,SIMILAR_USER
rama_chandran,sankaralingam_v,1.0,SIMILAR_USER
rama_chandran,v_s__keerthana,1.0,SIMILAR_USER
sankaralingam_v,v_s__keerthana,1.0,SIMILAR_USER
bharath_siva,karthikeyan_sundararaj,1.0,SIMILAR_USER
bharath_siva,madhusudhanan__j,1.0,SIMILAR_USER
bharath_siva,selva,1.0,SIMILAR_USER
bharath_siva,venkatesh_a,1.0,SIMILAR_USER
karthikeyan_sundararaj,madhusudhanan__j,1.0,SIMILAR_USER
karthikeyan_sundararaj,selva,1.0,SIMILAR_USER
karthikeyan_sundararaj,venkatesh_a,1.0,SIMILAR_USER
madhusudhanan__j,selva,1.0,SIMILAR_USER
madhusudhanan__j,venkatesh_a,1.0,SIMILAR_USER
selva,venkatesh_a,1.0,SIMILAR_USER
amy_seb,peter_john,1.0,SIMILAR_USER
amy_seb,rahla_sherin_pv,1.0,SIMILAR_USER
amy_seb,rejimon_a_r,1.0,SIMILAR_USER
amy_seb,syam_kumar,1.0,SIMILAR_USER
peter_john,rahla_sherin_pv,1.0,SIMILAR_USER
peter_john,rejimon_a_r,1.0,SIMILAR_USER
peter_john,syam_kumar,1.0,SIMILAR_USER
rahla_sherin_pv,rejimon_a_r,1.0,SIMILAR_USER
rahla_sherin_pv,syam_kumar,1.0,SIMILAR_USER
rejimon_a_r,syam_kumar,1.0,SIMILAR_USER
athi_narayanan,barani_selvam,1.0,SIMILAR_USER
athi_narayanan,john_luther,1.0,SIMILAR_USER
athi_narayanan,neshdi_dth,1.0,SIMILAR_USER
athi_narayanan,suthan_bala,1.0,SIMILAR_USER
barani_selvam,john_luther,1.0,SIMILAR_USER
barani_selvam,neshdi_dth,1.0,SIMILAR_USER
barani_selvam,suthan_bala,1.0,SIMILAR_USER
john_luther,neshdi_dth,1.0,SIMILAR_USER
john_luther,suthan_bala,1.0,SIMILAR_USER
neshdi_dth,suthan_bala,1.0,SIMILAR_USER
gold_prabhu,jeya_balaji,1.0,SIMILAR_USER
gold_prabhu,ramajeyam_ramajeyam,1.0,SIMILAR_USER
gold_prabhu,sivalingaraja_kaliappan,1.0,SIMILAR_USER
gold_prabhu,thavasikumar_c,1.0,SIMILAR_USER
jeya_balaji,ramajeyam_ramajeyam,1.0,SIMILAR_USER
jeya_balaji,sivalingaraja_kaliappan,1.0,SIMILAR_USER
jeya_balaji,thavasikumar_c,1.0,SIMILAR_USER
ramajeyam_ramajeyam,sivalingaraja_kaliappan,1.0,SIMILAR_USER
ramajeyam_ramajeyam,thavasikumar_c,1.0,SIMILAR_USER
sivalingaraja_kaliappan,thavasikumar_c,1.0,SIMILAR_USER
thavasikumar_c,ambrose_jesuraj,1.0,SIMILAR_USER
thavasikumar_c,govindharajan_sahadevan,1.0,SIMILAR_USER
thavasikumar_c,murugan_c,1.0,SIMILAR_USER
thavasikumar_c,sivaraj_tks,1.0,SIMILAR_USER
asr_360,m_chittrarul,1.0,SIMILAR_USER
asr_360,rider_47,1.0,SIMILAR_USER
asr_360,vigneshkumar_sivakumar,1.0,SIMILAR_USER
m_chittrarul,rider_47,1.0,SIMILAR_USER
m_chittrarul,vigneshkumar_sivakumar,1.0,SIMILAR_USER
rider_47,vigneshkumar_sivakumar,1.0,SIMILAR_USER
dinesh_s,hari_anu,1.0,SIMILAR_USER
dinesh_s,premkumar_jeri,1.0,SIMILAR_USER
dinesh_s,raji_karuthapandi,1.0,SIMILAR_USER
dinesh_s,yazhini_kumar,1.0,SIMILAR_USER
hari_anu,premkumar_jeri,1.0,SIMILAR_USER
hari_anu,raji_karuthapandi,1.0,SIMILAR_USER
hari_anu,yazhini_kumar,1.0,SIMILAR_USER
premkumar_jeri,raji_karuthapandi,1.0,SIMILAR_USER
premkumar_jeri,yazhini_kumar,1.0,SIMILAR_USER
raji_karuthapandi,yazhini_kumar,1.0,SIMILAR_USER
deva_pavi,future_tricks2_0,1.0,SIMILAR_USER
deva_pavi,muhammed_salih_ahamed_athaullah,1.0,SIMILAR_USER
deva_pavi,abishek_ragland,1.0,SIMILAR_USER
deva_pavi,krithika_s,1.0,SIMILAR_USER
deva_pavi,sivakumar,1.0,SIMILAR_USER
deva_pavi,vinod__b,1.0,SIMILAR_USER
future_tricks2_0,muhammed_salih_ahamed_athaullah,1.0,SIMILAR_USER
dhanasekar_manickam,muthu_krishnan_shanmugam,1.0,SIMILAR_USER
dhanasekar_manickam,ponraj_subbiah,1.0,SIMILAR_USER
dhanasekar_manickam,santhosh_s,1.0,SIMILAR_USER
dhanasekar_manickam,senthil_nath,1.0,SIMILAR_USER
muthu_krishnan_shanmugam,ponraj_subbiah,1.0,SIMILAR_USER
muthu_krishnan_shanmugam,santhosh_s,1.0,SIMILAR_USER
muthu_krishnan_shanmugam,senthil_nath,1.0,SIMILAR_USER
muthu_krishnan_shanmugam,rmuthuvel_ramaiah,1.0,SIMILAR_USER
muthu_krishnan_shanmugam,sara_beevi,1.0,SIMILAR_USER
muthu_krishnan_shanmugam,sathish_krishnan,1.0,SIMILAR_USER
muthu_krishnan_shanmugam,vr_status_creations,1.0,SIMILAR_USER
ponraj_subbiah,santhosh_s,1.0,SIMILAR_USER
ponraj_subbiah,senthil_nath,1.0,SIMILAR_USER
santhosh_s,senthil_nath,1.0,SIMILAR_USER
arun_a,dinesh_kowsalya,1.0,SIMILAR_USER
arun_a,esai_kannan,1.0,SIMILAR_USER
arun_a,gødwin_møses,1.0,SIMILAR_USER
arun_a,jim_carter,1.0,SIMILAR_USER
dinesh_kowsalya,esai_kannan,1.0,SIMILAR_USER
dinesh_kowsalya,gødwin_møses,1.0,SIMILAR_USER
dinesh_kowsalya,jim_carter,1.0,SIMILAR_USER
esai_kannan,gødwin_møses,1.0,SIMILAR_USER
esai_kannan,jim_carter,1.0,SIMILAR_USER
gødwin_møses,jim_carter,1.0,SIMILAR_USER
arun_sankar,balan,1.0,SIMILAR_USER
arun_sankar,paulraj__vinayaka_transport,1.0,SIMILAR_USER
arun_sankar,sathish_kumar_nksak,1.0,SIMILAR_USER
arun_sankar,sujith_kumar,1.0,SIMILAR_USER
balan,paulraj__vinayaka_transport,1.0,SIMILAR_USER
balan,sathish_kumar_nksak,1.0,SIMILAR_USER
balan,sujith_kumar,1.0,SIMILAR_USER
paulraj__vinayaka_transport,sathish_kumar_nksak,1.0,SIMILAR_USER
paulraj__vinayaka_transport,sujith_kumar,1.0,SIMILAR_USER
sathish_kumar_nksak,sujith_kumar,1.0,SIMILAR_USER
mari_selvam,mohamed_ashik_ali,1.0,SIMILAR_USER
mari_selvam,mohamed_farook,1.0,SIMILAR_USER
mari_selvam,naushad_yunus,1.0,SIMILAR_USER
mari_selvam,trisha_tmg,1.0,SIMILAR_USER
mohamed_ashik_ali,mohamed_farook,1.0,SIMILAR_USER
mohamed_ashik_ali,naushad_yunus,1.0,SIMILAR_USER
mohamed_ashik_ali,trisha_tmg,1.0,SIMILAR_USER
mohamed_farook,naushad_yunus,1.0,SIMILAR_USER
mohamed_farook,trisha_tmg,1.0,SIMILAR_USER
naushad_yunus,trisha_tmg,1.0,SIMILAR_USER
gilbert_raj,iyappan_n,1.0,SIMILAR_USER
gilbert_raj,rj_rocky_jes__nellai_rocky,1.0,SIMILAR_USER
gilbert_raj,seshadri_varadarajan,1.0,SIMILAR_USER
gilbert_raj,zee_tamil_vignesh__a_vicky,1.0,SIMILAR_USER
iyappan_n,rj_rocky_jes__nellai_rocky,1.0,SIMILAR_USER
iyappan_n,seshadri_varadarajan,1.0,SIMILAR_USER
iyappan_n,zee_tamil_vignesh__a_vicky,1.0,SIMILAR_USER
rj_rocky_jes__nellai_rocky,seshadri_varadarajan,1.0,SIMILAR_USER
rj_rocky_jes__nellai_rocky,zee_tamil_vignesh__a_vicky,1.0,SIMILAR_USER
seshadri_varadarajan,zee_tamil_vignesh__a_vicky,1.0,SIMILAR_USER
anish_g,anto_anto,1.0,SIMILAR_USER
anish_g,m_ramesh,1.0,SIMILAR_USER
anish_g,madhavan,1.0,SIMILAR_USER
anish_g,muthukalaivani_arumugasamy__seenukalai,1.0,SIMILAR_USER
anto_anto,m_ramesh,1.0,SIMILAR_USER
anto_anto,madhavan,1.0,SIMILAR_USER
anto_anto,muthukalaivani_arumugasamy__seenukalai,1.0,SIMILAR_USER
m_ramesh,madhavan,1.0,SIMILAR_USER
m_ramesh,muthukalaivani_arumugasamy__seenukalai,1.0,SIMILAR_USER
madhavan,muthukalaivani_arumugasamy__seenukalai,1.0,SIMILAR_USER
achuthan_ravi,arun_kumar,1.0,SIMILAR_USER
achuthan_ravi,athul_sindhu,1.0,SIMILAR_USER
achuthan_ravi,mano_micheal,1.0,SIMILAR_USER
achuthan_ravi,mr_vino__universal_kid,1.0,SIMILAR_USER
arun_kumar,athul_sindhu,1.0,SIMILAR_USER
arun_kumar,mano_micheal,1.0,SIMILAR_USER
arun_kumar,mr_vino__universal_kid,1.0,SIMILAR_USER
athul_sindhu,mano_micheal,1.0,SIMILAR_USER
athul_sindhu,mr_vino__universal_kid,1.0,SIMILAR_USER
mano_micheal,mr_vino__universal_kid,1.0,SIMILAR_USER
arun_sagar,rajeshrs_raj,1.0,SIMILAR_USER
arun_sagar,shabna_b,1.0,SIMILAR_USER
arun_sagar,svk_venkat,1.0,SIMILAR_USER
arun_sagar,we_make_the_impossible_things,1.0,SIMILAR_USER
rajeshrs_raj,shabna_b,1.0,SIMILAR_USER
rajeshrs_raj,svk_venkat,1.0,SIMILAR_USER
rajeshrs_raj,we_make_the_impossible_things,1.0,SIMILAR_USER
shabna_b,svk_venkat,1.0,SIMILAR_USER
shabna_b,we_make_the_impossible_things,1.0,SIMILAR_USER
svk_venkat,we_make_the_impossible_things,1.0,SIMILAR_USER
we_make_the_impossible_things,adv_deepi_ashok,1.0,SIMILAR_USER
we_make_the_impossible_things,g_p_suresh_gopal_cabs_ngl,1.0,SIMILAR_USER
we_make_the_impossible_things,rajiv_kumar_velsamy,1.0,SIMILAR_USER
charmathurai_s,prince_p_m,1.0,SIMILAR_USER
charmathurai_s,sai_kumar,1.0,SIMILAR_USER
charmathurai_s,satish_dhanaraj,1.0,SIMILAR_USER
prince_p_m,sai_kumar,1.0,SIMILAR_USER
prince_p_m,satish_dhanaraj,1.0,SIMILAR_USER
sai_kumar,satish_dhanaraj,1.0,SIMILAR_USER
ananda_kumar,ashok_shasan,1.0,SIMILAR_USER
ananda_kumar,mohamed_risvi,1.0,SIMILAR_USER
ananda_kumar,ratharaj_a,1.0,SIMILAR_USER
ananda_kumar,vj_vicky,1.0,SIMILAR_USER
ashok_shasan,mohamed_risvi,1.0,SIMILAR_USER
ashok_shasan,ratharaj_a,1.0,SIMILAR_USER
ashok_shasan,vj_vicky,1.0,SIMILAR_USER
mohamed_risvi,ratharaj_a,1.0,SIMILAR_USER
mohamed_risvi,vj_vicky,1.0,SIMILAR_USER
ratharaj_a,vj_vicky,1.0,SIMILAR_USER
akshay_s_kumar,rahul_krishna_h,1.0,SIMILAR_USER
akshay_s_kumar,shihabudeen_k,1.0,SIMILAR_USER
akshay_s_kumar,the_em_cube,1.0,SIMILAR_USER
akshay_s_kumar,vellai_samy,1.0,SIMILAR_USER
rahul_krishna_h,shihabudeen_k,1.0,SIMILAR_USER
rahul_krishna_h,the_em_cube,1.0,SIMILAR_USER
rahul_krishna_h,vellai_samy,1.0,SIMILAR_USER
shihabudeen_k,the_em_cube,1.0,SIMILAR_USER
shihabudeen_k,vellai_samy,1.0,SIMILAR_USER
the_em_cube,vellai_samy,1.0,SIMILAR_USER
john_pennycuick,mariappan_p,1.0,SIMILAR_USER
john_pennycuick,s_m_t_selvan_nadar____tamiley,1.0,SIMILAR_USER
john_pennycuick,vishnu_s,1.0,SIMILAR_USER
john_pennycuick,wasim_akram,1.0,SIMILAR_USER
mariappan_p,s_m_t_selvan_nadar____tamiley,1.0,SIMILAR_USER
mariappan_p,vishnu_s,1.0,SIMILAR_USER
mariappan_p,wasim_akram,1.0,SIMILAR_USER
s_m_t_selvan_nadar____tamiley,vishnu_s,1.0,SIMILAR_USER
s_m_t_selvan_nadar____tamiley,wasim_akram,1.0,SIMILAR_USER
s_m_t_selvan_nadar____tamiley,kali_pandi,1.0,SIMILAR_USER
s_m_t_selvan_nadar____tamiley,manikandan,1.0,SIMILAR_USER
s_m_t_selvan_nadar____tamiley,raja_a,1.0,SIMILAR_USER
s_m_t_selvan_nadar____tamiley,ramkumar_annakili,1.0,SIMILAR_USER
vishnu_s,wasim_akram,1.0,SIMILAR_USER
rmuthuvel_ramaiah,sara_beevi,1.0,SIMILAR_USER
rmuthuvel_ramaiah,sathish_krishnan,1.0,SIMILAR_USER
rmuthuvel_ramaiah,vr_status_creations,1.0,SIMILAR_USER
sara_beevi,sathish_krishnan,1.0,SIMILAR_USER
sara_beevi,vr_status_creations,1.0,SIMILAR_USER
sathish_krishnan,vr_status_creations,1.0,SIMILAR_USER
arunraj,axe_xerxes,1.0,SIMILAR_USER
arunraj,dhisho_r_s,1.0,SIMILAR_USER
arunraj,fabin_thomas,1.0,SIMILAR_USER
arunraj,mr_tamil_n_72,1.0,SIMILAR_USER
axe_xerxes,dhisho_r_s,1.0,SIMILAR_USER
axe_xerxes,fabin_thomas,1.0,SIMILAR_USER
axe_xerxes,mr_tamil_n_72,1.0,SIMILAR_USER
dhisho_r_s,fabin_thomas,1.0,SIMILAR_USER
dhisho_r_s,mr_tamil_n_72,1.0,SIMILAR_USER
fabin_thomas,mr_tamil_n_72,1.0,SIMILAR_USER
antony_stephen,ramakumar_ulaganathan,1.0,SIMILAR_USER
antony_stephen,vinoth_raja_k,1.0,SIMILAR_USER
ramakumar_ulaganathan,vinoth_raja_k,1.0,SIMILAR_USER
benenet_y,ms_home,1.0,SIMILAR_USER
benenet_y,siva_das,1.0,SIMILAR_USER
benenet_y,unnikuttan_a,1.0,SIMILAR_USER
benenet_y,ĸarυppaѕaмy_g,1.0,SIMILAR_USER
ms_home,siva_das,1.0,SIMILAR_USER
ms_home,unnikuttan_a,1.0,SIMILAR_USER
ms_home,ĸarυppaѕaмy_g,1.0,SIMILAR_USER
siva_das,unnikuttan_a,1.0,SIMILAR_USER
siva_das,ĸarυppaѕaмy_g,1.0,SIMILAR_USER
unnikuttan_a,ĸarυppaѕaмy_g,1.0,SIMILAR_USER
aibin_hawkz,aravindan_sankaranarayanan,1.0,SIMILAR_USER
aibin_hawkz,dd,1.0,SIMILAR_USER
aibin_hawkz,giftson_david,1.0,SIMILAR_USER
aravindan_sankaranarayanan,dd,1.0,SIMILAR_USER
aravindan_sankaranarayanan,giftson_david,1.0,SIMILAR_USER
dd,giftson_david,1.0,SIMILAR_USER
afzal,kumar,1.0,SIMILAR_USER
afzal,patta_varayan,1.0,SIMILAR_USER
afzal,த_ன_ப_ண_ட__தம_ழன__சரவணன,1.0,SIMILAR_USER
kumar,patta_varayan,1.0,SIMILAR_USER
kumar,த_ன_ப_ண_ட__தம_ழன__சரவணன,1.0,SIMILAR_USER
patta_varayan,த_ன_ப_ண_ட__தம_ழன__சரவணன,1.0,SIMILAR_USER
bhagavathi_raja_bagavathi,prem_raj,1.0,SIMILAR_USER
bhagavathi_raja_bagavathi,saqlain_mushtaq,1.0,SIMILAR_USER
bhagavathi_raja_bagavathi,vk_ohmprakash,1.0,SIMILAR_USER
prem_raj,saqlain_mushtaq,1.0,SIMILAR_USER
prem_raj,vk_ohmprakash,1.0,SIMILAR_USER
saqlain_mushtaq,vk_ohmprakash,1.0,SIMILAR_USER
hari_popzboy,prajin_p,1.0,SIMILAR_USER
hari_popzboy,s_k,1.0,SIMILAR_USER
hari_popzboy,siva_ram,1.0,SIMILAR_USER
hari_popzboy,tn76_traveler,1.0,SIMILAR_USER
prajin_p,s_k,1.0,SIMILAR_USER
prajin_p,siva_ram,1.0,SIMILAR_USER
prajin_p,tn76_traveler,1.0,SIMILAR_USER
s_k,siva_ram,1.0,SIMILAR_USER
s_k,tn76_traveler,1.0,SIMILAR_USER
siva_ram,tn76_traveler,1.0,SIMILAR_USER
jj_ravichandran,madhavi_murugan,1.0,SIMILAR_USER
jj_ravichandran,mani_m,1.0,SIMILAR_USER
jj_ravichandran,siva_kumar,1.0,SIMILAR_USER
jj_ravichandran,vignesh_raj__vicky,1.0,SIMILAR_USER
madhavi_murugan,mani_m,1.0,SIMILAR_USER
madhavi_murugan,siva_kumar,1.0,SIMILAR_USER
madhavi_murugan,vignesh_raj__vicky,1.0,SIMILAR_USER
mani_m,siva_kumar,1.0,SIMILAR_USER
mani_m,vignesh_raj__vicky,1.0,SIMILAR_USER
siva_kumar,vignesh_raj__vicky,1.0,SIMILAR_USER
bharathi,dhanalakshmi_dhanalakshmi,1.0,SIMILAR_USER
bharathi,fj,1.0,SIMILAR_USER
bharathi,karpagavalli_karpagavalli,1.0,SIMILAR_USER
bharathi,sivarajalngam_nivi_s,1.0,SIMILAR_USER
dhanalakshmi_dhanalakshmi,fj,1.0,SIMILAR_USER
dhanalakshmi_dhanalakshmi,karpagavalli_karpagavalli,1.0,SIMILAR_USER
dhanalakshmi_dhanalakshmi,sivarajalngam_nivi_s,1.0,SIMILAR_USER
fj,karpagavalli_karpagavalli,1.0,SIMILAR_USER
fj,sivarajalngam_nivi_s,1.0,SIMILAR_USER
karpagavalli_karpagavalli,sivarajalngam_nivi_s,1.0,SIMILAR_USER
m_krishna,mabhu_k,1.0,SIMILAR_USER
m_krishna,ramesh_ram_ram,1.0,SIMILAR_USER
mabhu_k,ramesh_ram_ram,1.0,SIMILAR_USER
abishek_ragland,krithika_s,1.0,SIMILAR_USER
abishek_ragland,sivakumar,1.0,SIMILAR_USER
abishek_ragland,vinod__b,1.0,SIMILAR_USER
krithika_s,sivakumar,1.0,SIMILAR_USER
krithika_s,vinod__b,1.0,SIMILAR_USER
sivakumar,vinod__b,1.0,SIMILAR_USER
chinna_samy,mari_mari,1.0,SIMILAR_USER
chinna_samy,premam_mani_str,1.0,SIMILAR_USER
chinna_samy,r_palpandi,1.0,SIMILAR_USER
chinna_samy,senthil_kumar_m,1.0,SIMILAR_USER
mari_mari,premam_mani_str,1.0,SIMILAR_USER
mari_mari,r_palpandi,1.0,SIMILAR_USER
mari_mari,senthil_kumar_m,1.0,SIMILAR_USER
premam_mani_str,r_palpandi,1.0,SIMILAR_USER
premam_mani_str,senthil_kumar_m,1.0,SIMILAR_USER
r_palpandi,senthil_kumar_m,1.0,SIMILAR_USER
arikrishnan_v,balaji_a,1.0,SIMILAR_USER
arikrishnan_v,boomija_m,1.0,SIMILAR_USER
arikrishnan_v,mathavan_is_saru_studio_tmpm,1.0,SIMILAR_USER
arikrishnan_v,paramasivan_samuthiram,1.0,SIMILAR_USER
balaji_a,boomija_m,1.0,SIMILAR_USER
balaji_a,mathavan_is_saru_studio_tmpm,1.0,SIMILAR_USER
balaji_a,paramasivan_samuthiram,1.0,SIMILAR_USER
boomija_m,mathavan_is_saru_studio_tmpm,1.0,SIMILAR_USER
boomija_m,paramasivan_samuthiram,1.0,SIMILAR_USER
mathavan_is_saru_studio_tmpm,paramasivan_samuthiram,1.0,SIMILAR_USER
jebaraj,muthu_krishnan,1.0,SIMILAR_USER
jebaraj,poco_x3,1.0,SIMILAR_USER
jebaraj,seenivasan_t,1.0,SIMILAR_USER
jebaraj,suresh_kumar,1.0,SIMILAR_USER
muthu_krishnan,poco_x3,1.0,SIMILAR_USER
muthu_krishnan,seenivasan_t,1.0,SIMILAR_USER
muthu_krishnan,suresh_kumar,1.0,SIMILAR_USER
poco_x3,seenivasan_t,1.0,SIMILAR_USER
poco_x3,suresh_kumar,1.0,SIMILAR_USER
seenivasan_t,suresh_kumar,1.0,SIMILAR_USER
abdul_kader_a_thahir,rajan_m,1.0,SIMILAR_USER
abdul_kader_a_thahir,syed_sulaiman,1.0,SIMILAR_USER
abdul_kader_a_thahir,ukkasim_shahulhajira,1.0,SIMILAR_USER
rajan_m,syed_sulaiman,1.0,SIMILAR_USER
rajan_m,ukkasim_shahulhajira,1.0,SIMILAR_USER
syed_sulaiman,ukkasim_shahulhajira,1.0,SIMILAR_USER
ayya_thurai,dùráī_màddy,1.0,SIMILAR_USER
ayya_thurai,krishnakumar_r,1.0,SIMILAR_USER
ayya_thurai,skf_tech_gurus,1.0,SIMILAR_USER
dùráī_màddy,krishnakumar_r,1.0,SIMILAR_USER
dùráī_màddy,skf_tech_gurus,1.0,SIMILAR_USER
krishnakumar_r,skf_tech_gurus,1.0,SIMILAR_USER
ashokkumar_s,balaji__k,1.0,SIMILAR_USER
ashokkumar_s,leo_forsyth,1.0,SIMILAR_USER
ashokkumar_s,ssangyong_n111,1.0,SIMILAR_USER
ashokkumar_s,vijaya,1.0,SIMILAR_USER
balaji__k,leo_forsyth,1.0,SIMILAR_USER
balaji__k,ssangyong_n111,1.0,SIMILAR_USER
balaji__k,vijaya,1.0,SIMILAR_USER
leo_forsyth,ssangyong_n111,1.0,SIMILAR_USER
leo_forsyth,vijaya,1.0,SIMILAR_USER
ssangyong_n111,vijaya,1.0,SIMILAR_USER
m_siva_subramanian,mathan__m,1.0,SIMILAR_USER
m_siva_subramanian,mukesh_kumar,1.0,SIMILAR_USER
m_siva_subramanian,sathish_kumar,1.0,SIMILAR_USER
mathan__m,mukesh_kumar,1.0,SIMILAR_USER
mathan__m,sathish_kumar,1.0,SIMILAR_USER
mukesh_kumar,sathish_kumar,1.0,SIMILAR_USER
ambrose_jesuraj,govindharajan_sahadevan,1.0,SIMILAR_USER
ambrose_jesuraj,murugan_c,1.0,SIMILAR_USER
ambrose_jesuraj,sivaraj_tks,1.0,SIMILAR_USER
govindharajan_sahadevan,murugan_c,1.0,SIMILAR_USER
govindharajan_sahadevan,sivaraj_tks,1.0,SIMILAR_USER
murugan_c,sivaraj_tks,1.0,SIMILAR_USER
balamurugan_asb,megaraj_a,1.0,SIMILAR_USER
balamurugan_asb,s_m,1.0,SIMILAR_USER
balamurugan_asb,southindian_traveller,1.0,SIMILAR_USER
megaraj_a,s_m,1.0,SIMILAR_USER
megaraj_a,southindian_traveller,1.0,SIMILAR_USER
s_m,southindian_traveller,1.0,SIMILAR_USER
anu_jayaraj,iii_surya_raman,1.0,SIMILAR_USER
anu_jayaraj,jaba_singraj__vidiyal_medical_mission,1.0,SIMILAR_USER
anu_jayaraj,raman_s,1.0,SIMILAR_USER
anu_jayaraj,renius_renius,1.0,SIMILAR_USER
iii_surya_raman,jaba_singraj__vidiyal_medical_mission,1.0,SIMILAR_USER
iii_surya_raman,raman_s,1.0,SIMILAR_USER
iii_surya_raman,renius_renius,1.0,SIMILAR_USER
jaba_singraj__vidiyal_medical_mission,raman_s,1.0,SIMILAR_USER
jaba_singraj__vidiyal_medical_mission,renius_renius,1.0,SIMILAR_USER
raman_s,renius_renius,1.0,SIMILAR_USER
kali_pandi,manikandan,1.0,SIMILAR_USER
kali_pandi,raja_a,1.0,SIMILAR_USER
kali_pandi,ramkumar_annakili,1.0,SIMILAR_USER
manikandan,raja_a,1.0,SIMILAR_USER
manikandan,ramkumar_annakili,1.0,SIMILAR_USER
raja_a,ramkumar_annakili,1.0,SIMILAR_USER
nellai_naygam,selvamani_mani,1.0,SIMILAR_USER
nellai_naygam,sivasubramanian_g,1.0,SIMILAR_USER
selvamani_mani,sivasubramanian_g,1.0,SIMILAR_USER
byju_bikebyju,sivasubramanian_thoothukudi,1.0,SIMILAR_USER
byju_bikebyju,thirumalai_kumar,1.0,SIMILAR_USER
byju_bikebyju,vignesh_hari,1.0,SIMILAR_USER
byju_bikebyju,villu_vicky,1.0,SIMILAR_USER
sivasubramanian_thoothukudi,thirumalai_kumar,1.0,SIMILAR_USER
sivasubramanian_thoothukudi,vignesh_hari,1.0,SIMILAR_USER
sivasubramanian_thoothukudi,villu_vicky,1.0,SIMILAR_USER
thirumalai_kumar,vignesh_hari,1.0,SIMILAR_USER
thirumalai_kumar,villu_vicky,1.0,SIMILAR_USER
vignesh_hari,villu_vicky,1.0,SIMILAR_USER
adv_deepi_ashok,g_p_suresh_gopal_cabs_ngl,1.0,SIMILAR_USER
adv_deepi_ashok,rajiv_kumar_velsamy,1.0,SIMILAR_USER
g_p_suresh_gopal_cabs_ngl,rajiv_kumar_velsamy,1.0,SIMILAR_USER
a_a_mohamed_arsath,arun_das_a_h,1.0,SIMILAR_USER
a_a_mohamed_arsath,faris_ns_9317,1.0,SIMILAR_USER
a_a_mohamed_arsath,praveen_kumar,1.0,SIMILAR_USER
a_a_mohamed_arsath,shahul_hameed,1.0,SIMILAR_USER
arun_das_a_h,faris_ns_9317,1.0,SIMILAR_USER
arun_das_a_h,praveen_kumar,1.0,SIMILAR_USER
arun_das_a_h,shahul_hameed,1.0,SIMILAR_USER
faris_ns_9317,praveen_kumar,1.0,SIMILAR_USER
faris_ns_9317,shahul_hameed,1.0,SIMILAR_USER
praveen_kumar,shahul_hameed,1.0,SIMILAR_USER
abdul_rasith,husain_abu_hunaid,1.0,SIMILAR_USER
abdul_rasith,malik_m,1.0,SIMILAR_USER
abdul_rasith,mohammed_saleem,1.0,SIMILAR_USER
husain_abu_hunaid,malik_m,1.0,SIMILAR_USER
husain_abu_hunaid,mohammed_saleem,1.0,SIMILAR_USER
malik_m,mohammed_saleem,1.0,SIMILAR_USER
miracle_thivan__shabih,mohammed_mustapha,1.0,SIMILAR_USER
miracle_thivan__shabih,sabi_raja,1.0,SIMILAR_USER
miracle_thivan__shabih,sumathi_ramesh,1.0,SIMILAR_USER
mohammed_mustapha,sabi_raja,1.0,SIMILAR_USER
mohammed_mustapha,sumathi_ramesh,1.0,SIMILAR_USER
sabi_raja,sumathi_ramesh,1.0,SIMILAR_USER
imjose,karpooraraj,1.0,SIMILAR_USER
imjose,muhamad_fayaz,1.0,SIMILAR_USER
imjose,sriram,1.0,SIMILAR_USER
imjose,your_thoughts,1.0,SIMILAR_USER
karpooraraj,muhamad_fayaz,1.0,SIMILAR_USER
karpooraraj,sriram,1.0,SIMILAR_USER
karpooraraj,your_thoughts,1.0,SIMILAR_USER
muhamad_fayaz,sriram,1.0,SIMILAR_USER
muhamad_fayaz,your_thoughts,1.0,SIMILAR_USER
sriram,your_thoughts,1.0,SIMILAR_USER
indira_prathap,sathiyaseelan_smt,1.0,SIMILAR_USER
indira_prathap,srimathi_durai,1.0,SIMILAR_USER
sathiyaseelan_smt,srimathi_durai,1.0,SIMILAR_USER
ameer_sulthan,ananthi_chela,1.0,SIMILAR_USER
ameer_sulthan,ismail_ahamed_m,1.0,SIMILAR_USER
ameer_sulthan,rizwan_hussain_mohammed,1.0,SIMILAR_USER
ameer_sulthan,sudhan_murugan,1.0,SIMILAR_USER
ananthi_chela,ismail_ahamed_m,1.0,SIMILAR_USER
ananthi_chela,rizwan_hussain_mohammed,1.0,SIMILAR_USER
ananthi_chela,sudhan_murugan,1.0,SIMILAR_USER
ismail_ahamed_m,rizwan_hussain_mohammed,1.0,SIMILAR_USER
ismail_ahamed_m,sudhan_murugan,1.0,SIMILAR_USER
rizwan_hussain_mohammed,sudhan_murugan,1.0,SIMILAR_USER
kathirvan_s,p_r_a_k_a_s_h,1.0,SIMILAR_USER
kathirvan_s,pon_raja,1.0,SIMILAR_USER
kathirvan_s,ramesh_arun_selvan,1.0,SIMILAR_USER
kathirvan_s,sreejith_sr,1.0,SIMILAR_USER
p_r_a_k_a_s_h,pon_raja,1.0,SIMILAR_USER
p_r_a_k_a_s_h,ramesh_arun_selvan,1.0,SIMILAR_USER
p_r_a_k_a_s_h,sreejith_sr,1.0,SIMILAR_USER
pon_raja,ramesh_arun_selvan,1.0,SIMILAR_USER
pon_raja,sreejith_sr,1.0,SIMILAR_USER
pon_raja,manoj_ajithkumar_manoj_ajithkumar,1.0,SIMILAR_USER
pon_raja,raja_raja,1.0,SIMILAR_USER
pon_raja,ullas_s,1.0,SIMILAR_USER
pon_raja,க_ணச_கரன__வ_வச_ய,1.0,SIMILAR_USER
ramesh_arun_selvan,sreejith_sr,1.0,SIMILAR_USER
jayaprabha_jayaprakash,joshy_chakravarthy,1.0,SIMILAR_USER
jayaprabha_jayaprakash,thandabani_rs,1.0,SIMILAR_USER
jayaprabha_jayaprakash,vinoth,1.0,SIMILAR_USER
jayaprabha_jayaprakash,xavier_j,1.0,SIMILAR_USER
joshy_chakravarthy,thandabani_rs,1.0,SIMILAR_USER
joshy_chakravarthy,vinoth,1.0,SIMILAR_USER
joshy_chakravarthy,xavier_j,1.0,SIMILAR_USER
thandabani_rs,vinoth,1.0,SIMILAR_USER
thandabani_rs,xavier_j,1.0,SIMILAR_USER
vinoth,xavier_j,1.0,SIMILAR_USER
karutha_pandi,raj_kumar,1.0,SIMILAR_USER
karutha_pandi,s_palani_chamy,1.0,SIMILAR_USER
karutha_pandi,selvam_ponmani,1.0,SIMILAR_USER
karutha_pandi,vel_kumar,1.0,SIMILAR_USER
raj_kumar,s_palani_chamy,1.0,SIMILAR_USER
raj_kumar,selvam_ponmani,1.0,SIMILAR_USER
raj_kumar,vel_kumar,1.0,SIMILAR_USER
s_palani_chamy,selvam_ponmani,1.0,SIMILAR_USER
s_palani_chamy,vel_kumar,1.0,SIMILAR_USER
selvam_ponmani,vel_kumar,1.0,SIMILAR_USER
pan_card,rathnam_selva,1.0,SIMILAR_USER
pan_card,rj_vignesh,1.0,SIMILAR_USER
pan_card,siva_dev,1.0,SIMILAR_USER
pan_card,ss_0307,1.0,SIMILAR_USER
rathnam_selva,rj_vignesh,1.0,SIMILAR_USER
rathnam_selva,siva_dev,1.0,SIMILAR_USER
rathnam_selva,ss_0307,1.0,SIMILAR_USER
rj_vignesh,siva_dev,1.0,SIMILAR_USER
rj_vignesh,ss_0307,1.0,SIMILAR_USER
siva_dev,ss_0307,1.0,SIMILAR_USER
hari_suthanan_r,rajkumar_kaliappan,1.0,SIMILAR_USER
hari_suthanan_r,sabarikanth_jeyam,1.0,SIMILAR_USER
hari_suthanan_r,sk_rajesh,1.0,SIMILAR_USER
hari_suthanan_r,venkada_ramanan_m,1.0,SIMILAR_USER
rajkumar_kaliappan,sabarikanth_jeyam,1.0,SIMILAR_USER
rajkumar_kaliappan,sk_rajesh,1.0,SIMILAR_USER
rajkumar_kaliappan,venkada_ramanan_m,1.0,SIMILAR_USER
sabarikanth_jeyam,sk_rajesh,1.0,SIMILAR_USER
sabarikanth_jeyam,venkada_ramanan_m,1.0,SIMILAR_USER
sk_rajesh,venkada_ramanan_m,1.0,SIMILAR_USER
ak_cammander,antharved_pasalapudi,1.0,SIMILAR_USER
ak_cammander,priya_cn,1.0,SIMILAR_USER
ak_cammander,rajan_sukumaran,1.0,SIMILAR_USER
ak_cammander,suresh_garin,1.0,SIMILAR_USER
antharved_pasalapudi,priya_cn,1.0,SIMILAR_USER
antharved_pasalapudi,rajan_sukumaran,1.0,SIMILAR_USER
antharved_pasalapudi,suresh_garin,1.0,SIMILAR_USER
priya_cn,rajan_sukumaran,1.0,SIMILAR_USER
priya_cn,suresh_garin,1.0,SIMILAR_USER
rajan_sukumaran,suresh_garin,1.0,SIMILAR_USER
manoj_ajithkumar_manoj_ajithkumar,raja_raja,1.0,SIMILAR_USER
manoj_ajithkumar_manoj_ajithkumar,ullas_s,1.0,SIMILAR_USER
manoj_ajithkumar_manoj_ajithkumar,க_ணச_கரன__வ_வச_ய,1.0,SIMILAR_USER
raja_raja,ullas_s,1.0,SIMILAR_USER
raja_raja,க_ணச_கரன__வ_வச_ய,1.0,SIMILAR_USER
ullas_s,க_ணச_கரன__வ_வச_ய,1.0,SIMILAR_USER
