node_id:ID(User),name,:LABEL
hassan_sowkath,Hassan Sowkath,User
mohammed_nayeem,Mohammed Nayeem,User
mukilan_s,Mukilan S,User
pooshan_d,Pooshan D,User
shotsby_senthil,Shotsby Senthil,User
beardless_tripy_venkateshprasath,Beardless Tripy Venkateshprasath,User
gowri_shankar,Gowri Shankar,User
pooja_devi,Pooja Devi,User
saravanan_manohar,Saravanan Manohar,User
stella_sharon,Stella Sharon,User
athulya_vijayan,Athulya Vijayan,User
hari_trivedi,Hari Trivedi,User
raghu_b,Raghu B,User
raj_p,Raj P,User
ramesh_kumar,Ramesh Kumar,User
akhilesh_prajapati,Akhilesh Prajapati,User
narayanamurthy_subramanian,Narayanamurthy Subramanian,User
shibin_as,Shibin As,User
abhishek_anil,Abhishek Anil,User
senthil_kumar_manickam,Senthil Kumar Manickam,User
sesha_srinivasa_murthy_putrevu,Sesha Srinivasa Murthy Putrevu,User
shravan_srinivasan,Shravan Srinivasan,User
subrata_b,Subrata B,User
pratheesh_harish,Pratheesh Harish,User
rijas_galleria,Rijas Galleria,User
sarath_kumar_s,Sarath Kumar S,User
kannan_ramachandran,Kannan Ramachandran,User
ramchandar_umasankar,Ramchandar Umasankar,User
smruthi_vinayak_rengan,Smruthi Vinayak Rengan,User
srivenkatbabu_sinnasami,Srivenkatbabu Sinnasami,User
starlet_esther,Starlet Esther,User
anu,Anu,User
g_t_g,G T G,User
ganesh_m,Ganesh M,User
chitra_murali,Chitra Murali,User
rahul_s,Rahul S,User
sathishkumar_balakrishnan,Sathishkumar Balakrishnan,User
venkat,Venkat,User
gayathri_shri_kashyap,Gayathri Shri Kashyap,User
haston_kumar,Haston Kumar,User
prem_kumar,Prem Kumar,User
sajin_shereef,Sajin Shereef,User
snabak_vinod_aj,Snabak Vinod Aj,User
aravind_r_chandran,Aravind R Chandran,User
blessy_babu,Blessy Babu,User
greewin_mathew,Greewin Mathew,User
joshith_jacob,Joshith Jacob,User
anupam_purbey,Anupam Purbey,User
devarshi_raj,Devarshi Raj,User
dr_kartik_bhadra,Dr Kartik Bhadra,User
neelesh_panchal,Neelesh Panchal,User
santhosh_sankaran,Santhosh Sankaran,User
abid_suhail,Abid Suhail,User
nari_soundarrajan,Nari Soundarrajan,User
naveen_ks,Naveen Ks,User
sethu_n,Sethu N,User
subhra_kar,Subhra Kar,User
aneesh_va,Aneesh Va,User
arjun_siva,Arjun Siva,User
gayathri,Gayathri,User
nitin,Nitin,User
sukesh_s,Sukesh S,User
dr_p_j_george,Dr P J George,User
govardhan_s,Govardhan S,User
prajjawal_sharma,Prajjawal Sharma,User
sreekrishnan_a_s,Sreekrishnan A S,User
viswas_koundinyan_g,Viswas Koundinyan G,User
ganesan_t,Ganesan T,User
journey_with_dds___vlog,Journey With Dds   Vlog,User
seenivasan_ramasamy,Seenivasan Ramasamy,User
thangavelu_arun_kumar,Thangavelu Arun Kumar,User
travel_paithiyam,Travel Paithiyam,User
aishu_v,Aishu V,User
kader_sulaiman,Kader Sulaiman,User
nomadic_shutter,Nomadic Shutter,User
sahil_m,Sahil M,User
somnath_m,Somnath M,User
lithisha,Lithisha,User
praveen_gopalan,Praveen Gopalan,User
premz_view,Premz View,User
shamini_kiruba,Shamini Kiruba,User
suresh_perumal,Suresh Perumal,User
abhishek_yadav,Abhishek Yadav,User
jai_prakash_nain,Jai Prakash Nain,User
jeyaram_d,Jeyaram D,User
krishnamurthy_i,Krishnamurthy I,User
prakash_photography_tvmalai,Prakash Photography Tvmalai,User
jose_wesley,Jose Wesley,User
kaarthikeyan,Kaarthikeyan,User
karthik_velmurugan,Karthik Velmurugan,User
sabari_nathan,Sabari Nathan,User
sathya_raghu,Sathya Raghu,User
arunkumar_thangasamy,Arunkumar Thangasamy,User
jenifer_julie,Jenifer Julie,User
nazeer_hussain__ஒண_ட_ப_ல,Nazeer Hussain  ஒண ட ப ல,User
praise_by_andria_gracious,Praise By Andria Gracious,User
surya_k,Surya K,User
046_venkatesh_m_k,046 Venkatesh M K,User
athul_jeev,Athul Jeev,User
rakesh_s,Rakesh S,User
suresh_jesu,Suresh Jesu,User
vinoth_kumar,Vinoth Kumar,User
abdul_rahman,Abdul Rahman,User
arunprasath_m,Arunprasath M,User
dr__ramamoorthy_ramu,Dr  Ramamoorthy Ramu,User
kathiravan_piramuthu,Kathiravan Piramuthu,User
sakthi_prabhu,Sakthi Prabhu,User
anfas_salim,Anfas Salim,User
anoop_kamal,Anoop Kamal,User
dark_wizard,Dark Wizard,User
sree_kumar_a,Sree Kumar A,User
adv__a_v_avijith,Adv  A V Avijith,User
anilkumar_mk,Anilkumar Mk,User
arjuka,Arjuka,User
shibin_s_s,Shibin S S,User
shibu_shibs,Shibu Shibs,User
abdul_ajeeze,Abdul Ajeeze,User
kasi_rajan,Kasi Rajan,User
maragatham_j,Maragatham J,User
saravanan_v,Saravanan V,User
world_of_mathematics,World Of Mathematics,User
aswin_maxwrist,Aswin Maxwrist,User
beryl_rose,Beryl Rose,User
govind_k,Govind K,User
nithish_narayanan,Nithish Narayanan,User
sivashankar_r,Sivashankar R,User
david_viniston,David Viniston,User
divya_krishnan,Divya Krishnan,User
prakash_kumar,Prakash Kumar,User
ramesh_sundarrajan,Ramesh Sundarrajan,User
senthil_kumar,Senthil Kumar,User
kumaresan_lakshmanan,Kumaresan Lakshmanan,User
shyam_sundar,Shyam Sundar,User
yuva_ranjitha,Yuva Ranjitha,User
dinesh_e,Dinesh E,User
selva_selva,Selva Selva,User
writer_and_traveller,Writer And Traveller,User
ச_ர_ந_தர__க_ம_ர,ச ர ந தர  க ம ர,User
adarsh_a,Adarsh A,User
adarsh_p_deep,Adarsh P Deep,User
cradby_cruizer,Cradby Cruizer,User
josh_11,Josh 11,User
sreenath,Sreenath,User
abhishek_vijayan,Abhishek Vijayan,User
bharani_t,Bharani T,User
karthick,Karthick,User
prakash_ntk,Prakash Ntk,User
praveen_kumar_raja,Praveen Kumar Raja,User
deepak_s,Deepak S,User
mohammad_muneeb,Mohammad Muneeb,User
nidhin_kumar,Nidhin Kumar,User
sajin_murali,Sajin Murali,User
vishnupriya_v,Vishnupriya V,User
george_arunsowriraj,George Arunsowriraj,User
mohammed_saabiq,Mohammed Saabiq,User
sathya_sachinism,Sathya Sachinism,User
velayutham_raja,Velayutham Raja,User
azhar_muhammed,Azhar Muhammed,User
insane_alastor,Insane Alastor,User
manjunatha_balakrishna,Manjunatha Balakrishna,User
vigneshwaran_santharam,Vigneshwaran Santharam,User
vishnu_kala,Vishnu Kala,User
balaji_gunasekaran,Balaji Gunasekaran,User
raja,Raja,User
selvin_navaraj,Selvin Navaraj,User
subash,Subash,User
venkatraman_srinivasan,Venkatraman Srinivasan,User
anandtvl,Anandtvl,User
bala,Bala,User
joice_thinakaran,Joice Thinakaran,User
nirmalkumar_r,Nirmalkumar R,User
wow_farm_house,Wow Farm House,User
divya_premsankar,Divya Premsankar,User
r_a_h_u_l_k_u_m_a_r,R A H U L K U M A R,User
rahul_vs,Rahul Vs,User
sabari_nath_harshan_nair,Sabari Nath Harshan Nair,User
vighnesh_syam,Vighnesh Syam,User
muhammed_shah,Muhammed Shah,User
navin_natarajan,Navin Natarajan,User
pranav_mohan_das,Pranav Mohan Das,User
shaiju_nazeer,Shaiju Nazeer,User
vijith_uzhamalakkal,Vijith Uzhamalakkal,User
adaikal,Adaikal,User
senthil_murugan,Senthil Murugan,User
sheela_v,Sheela V,User
sorna_r_shankar,Sorna R Shankar,User
vijaya_ks,Vijaya Ks,User
abhimanyu_k_r,Abhimanyu K R,User
prasanth_t_yadav,Prasanth T Yadav,User
sarath_sasi,Sarath Sasi,User
sreehari_v_bhoopesh,Sreehari V Bhoopesh,User
unnikrishnan,Unnikrishnan,User
biju_r,Biju R,User
kesavan_aswin,Kesavan Aswin,User
legendsonly__shop,Legendsonly  Shop,User
santhosh_kumar,Santhosh Kumar,User
venkatesh_yadhav,Venkatesh Yadhav,User
adwaith_krishna,Adwaith Krishna,User
jay_ruonoht,Jay Ruonoht,User
meshal_joseph,Meshal Joseph,User
mohammed_masood,Mohammed Masood,User
rohith_menon,Rohith Menon,User
amirthaprakash_c,Amirthaprakash C,User
ansaf_muhammed,Ansaf Muhammed,User
anto_navis__techguy,Anto Navis  Techguy,User
ponsheela_m,Ponsheela M,User
mahalingam_a,Mahalingam A,User
mohammed_haris_rahuman_adam,Mohammed Haris Rahuman Adam,User
mohammed_yasin,Mohammed Yasin,User
sankara_narayanan,Sankara Narayanan,User
wahshi,Wahshi,User
anoop_g,Anoop G,User
ja,Ja,User
kpmmnr,Kpmmnr,User
r_sreeram,R Sreeram,User
xavier,Xavier,User
abey_johnsen,Abey Johnsen,User
parvathy_r,Parvathy R,User
sajikumar_js,Sajikumar Js,User
sreehari_s,Sreehari S,User
hari_sundar,Hari Sundar,User
jonathan_jackson,Jonathan Jackson,User
nlogicx,Nlogicx,User
ramaa_s,Ramaa S,User
siju_mohan,Siju Mohan,User
amol_mande,Amol Mande,User
r_venkatesan,R Venkatesan,User
satheesh_kumar,Satheesh Kumar,User
shankar_mahadevan,Shankar Mahadevan,User
siva_chidambaram,Siva Chidambaram,User
irsath_bismi,Irsath Bismi,User
s_p_rajasingh,S P Rajasingh,User
sudhakar_godwin,Sudhakar Godwin,User
t_srivarshan,T Srivarshan,User
yasar_ismail__yasar_kmr,Yasar Ismail  Yasar Kmr,User
muthu_kumaran,Muthu Kumaran,User
nandhu,Nandhu,User
sandhu_santhakumar,Sandhu Santhakumar,User
santhavel_natarajan,Santhavel Natarajan,User
piramanayagam_chellappa,Piramanayagam Chellappa,User
rishwanth_karthikeyan,Rishwanth Karthikeyan,User
udayan_sivaraman,Udayan Sivaraman,User
vimal_prashanth_molli,Vimal Prashanth Molli,User
abu_siddique,Abu Siddique,User
balaraman_ramachandran,Balaraman Ramachandran,User
dinesh,Dinesh,User
lambert_rizario,Lambert Rizario,User
sha_nawas,Sha Nawas,User
anantha_perumal,Anantha Perumal,User
jenil_karthick,Jenil Karthick,User
nathan_p,Nathan P,User
prabaharan_p,Prabaharan P,User
rajesh_kanna,Rajesh Kanna,User
bugra_alkan,Bugra Alkan,User
hari_pranav,Hari Pranav,User
saravanan_m,Saravanan M,User
vimal_kumar,Vimal Kumar,User
ashwin_ashwin,Ashwin Ashwin,User
rittu_varghese,Rittu Varghese,User
siva_bala,Siva Bala,User
vinayak_r_nair,Vinayak R Nair,User
yeshwanth_yeshu,Yeshwanth Yeshu,User
mani_kandan,Mani Kandan,User
ramesh_sekar,Ramesh Sekar,User
ratheesh_kannan,Ratheesh Kannan,User
akhil_raj,Akhil Raj,User
muhassin_ps,Muhassin Ps,User
nithin_sasikumar,Nithin Sasikumar,User
solo_traveller,Solo Traveller,User
amjad_v_k,Amjad V K,User
padmaraj_lekshminarayanan,Padmaraj Lekshminarayanan,User
sai_pranav,Sai Pranav,User
sudhir_kumar,Sudhir Kumar,User
xavier_augustine,Xavier Augustine,User
aravind_kumar,Aravind Kumar,User
goutham_dan,Goutham Dan,User
prakash_raj,Prakash Raj,User
r_visveswaran,R Visveswaran,User
v_s,V S,User
bharathi_k,Bharathi K,User
hs,Hs,User
kayalvizhi_g,Kayalvizhi G,User
nandhini_venkatesan,Nandhini Venkatesan,User
rajalakshmi_ramakrishnan,Rajalakshmi Ramakrishnan,User
nagalakshmi_r,Nagalakshmi R,User
richard,Richard,User
sanju_j_suresh,Sanju J Suresh,User
sathiya_selvam_t,Sathiya Selvam T,User
syed_sha_hussain,Syed Sha Hussain,User
abe_alex,Abe Alex,User
christian_brother,Christian Brother,User
karthick_sudarsan,Karthick Sudarsan,User
pooja_r,Pooja R,User
sel_vam,Sel Vam,User
aravind_ranganathan,Aravind Ranganathan,User
shuaib_sherafudheen,Shuaib Sherafudheen,User
tamil_trek_travel,Tamil Trek Travel,User
thrilokbabu_darisa,Thrilokbabu Darisa,User
vijayakumar_periyasamy,Vijayakumar Periyasamy,User
anton_antony,Anton Antony,User
jesu_kumar,Jesu Kumar,User
muthukrishnan_shenbagam,Muthukrishnan Shenbagam,User
shyam_anton,Shyam Anton,User
sylvia_anita,Sylvia Anita,User
derrick_f,Derrick F,User
karthick_baskaran,Karthick Baskaran,User
pradeep_b_a,Pradeep B A,User
vijay_r,Vijay R,User
vinoth_sk,Vinoth Sk,User
aby_mathew_rajan,Aby Mathew Rajan,User
akhil_thomas,Akhil Thomas,User
anantha_krishnan_s_s,Anantha Krishnan S S,User
aneesh_antony,Aneesh Antony,User
sanoop_suresh,Sanoop Suresh,User
chennaivaasi,Chennaivaasi,User
jamal_jaffer,Jamal Jaffer,User
santhoshkumar,Santhoshkumar,User
shakti_acharya,Shakti Acharya,User
j_johnson,J Johnson,User
raja_rs,Raja Rs,User
rengaraj_rengasamy,Rengaraj Rengasamy,User
vijay_m,Vijay M,User
deepika_deeps,Deepika Deeps,User
dineshwar_nithyanantham,Dineshwar Nithyanantham,User
rajavel_r,Rajavel R,User
saravana_kumar,Saravana Kumar,User
gauthaman_ar,Gauthaman Ar,User
sailesh_babu,Sailesh Babu,User
shriram,Shriram,User
srividhya_rajesh,Srividhya Rajesh,User
nadarajan_muthukumarasamy,Nadarajan Muthukumarasamy,User
ramakrishnan_v,Ramakrishnan V,User
sethu_m,Sethu M,User
kareem_kani,Kareem Kani,User
sabari_ram,Sabari Ram,User
shamsudeen_makthum,Shamsudeen Makthum,User
sudar_pillai,Sudar Pillai,User
vimal_m,Vimal M,User
esakki_raj,Esakki Raj,User
mani_kandan_s,Mani Kandan S,User
sakthivel_p,Sakthivel P,User
abhishek,Abhishek,User
aravind_r,Aravind R,User
deepa_rahul_easwar,Deepa Rahul Easwar,User
jophin,Jophin,User
suganya_nishanth,Suganya Nishanth,User
anish_sudhakaran,Anish Sudhakaran,User
jaison_thomas,Jaison Thomas,User
nabeel_ahmed,Nabeel Ahmed,User
prathiush_p,Prathiush P,User
s_natarajan,S Natarajan,User
ashwath_shiva,Ashwath Shiva,User
dr__raguram_urologist,Dr  Raguram Urologist,User
isakki_muthu,Isakki Muthu,User
marudhu_subash,Marudhu Subash,User
sivaguru_jeyakkumar,Sivaguru Jeyakkumar,User
mahadevan_vicky,Mahadevan Vicky,User
sabharinath_sureshkumar,Sabharinath Sureshkumar,User
senthil_arumugam,Senthil Arumugam,User
shajan_mano,Shajan Mano,User
t_s_king001_king,T S King001 King,User
bharath_r,Bharath R,User
hari_thalapathy,Hari Thalapathy,User
jishnu_j,Jishnu J,User
sriram_ramakrishnan,Sriram Ramakrishnan,User
balaram_das,Balaram Das,User
infant_uva,Infant Uva,User
vignesh_kumar,Vignesh Kumar,User
vishwalingam_m_s,Vishwalingam M S,User
manueeé,Manueeé,User
nidhin_d,Nidhin D,User
sagar_sadanandan,Sagar Sadanandan,User
velayudhan_vijayan,Velayudhan Vijayan,User
haribaskar_k,Haribaskar K,User
kailash_kattalay,Kailash Kattalay,User
rgr_raj_thiyagarajan,Rgr Raj Thiyagarajan,User
tamil_selvan,Tamil Selvan,User
vignesh_m_k_v_family,Vignesh M K V Family,User
abdul_hameed,Abdul Hameed,User
senthil_vel,Senthil Vel,User
shiva,Shiva,User
thiruramalingam_s,Thiruramalingam S,User
veera_pandian,Veera Pandian,User
abraham_rahul,Abraham Rahul,User
alagu_selvam_s,Alagu Selvam S,User
dr_dileep_m_k,Dr Dileep M K,User
madhuravani_b,Madhuravani B,User
navaneetha_krishnan_v,Navaneetha Krishnan V,User
christy_sam,Christy Sam,User
day_dreamer_s,Day Dreamer S,User
imran_khan,Imran Khan,User
shunmuganathan_t,Shunmuganathan T,User
ப_ரக_ஷ__மண__prakash_mani,ப ரக ஷ  மண  Prakash Mani,User
ajay_raj,Ajay Raj,User
hareesh_r,Hareesh R,User
kalyana_sundaram,Kalyana Sundaram,User
maheshs,Maheshs,User
nishanth_kb,Nishanth Kb,User
abdul_kader,Abdul Kader,User
compass_clock,Compass Clock,User
kamaludeen_kamal,Kamaludeen Kamal,User
sulaiman_syed,Sulaiman Syed,User
syed_mohammed_hussain,Syed Mohammed Hussain,User
b1no,B1No,User
poulose_ke,Poulose Ke,User
shameer_m_basheer,Shameer M Basheer,User
شيخ_صفا_سابينا,شيخ صفا سابينا,User
abishek_arumugam,Abishek Arumugam,User
arumugam_k,Arumugam K,User
hari_krishnan_r_k,Hari Krishnan R K,User
nice_johny,Nice Johny,User
ajc,Ajc,User
roby_soni,Roby Soni,User
saroj,Saroj,User
sree_nath,Sree Nath,User
bearded_traveller,Bearded Traveller,User
mulshankar_shiv,Mulshankar Shiv,User
sathish_maravan,Sathish Maravan,User
ilakiyaa_thangam,Ilakiyaa Thangam,User
kanagaraj_a,Kanagaraj A,User
rajesh___a_genuine_jaunts,Rajesh   A Genuine Jaunts,User
sundari_pashupati,Sundari Pashupati,User
suresh_kannan,Suresh Kannan,User
bass_bk_carving,Bass Bk Carving,User
monstermani,Monstermani,User
shanthanam_mari,Shanthanam Mari,User
sriram_saran__picturescollections,Sriram Saran  Picturescollections,User
surya_pravin,Surya Pravin,User
kishore_kumar,Kishore Kumar,User
mari_mariappan,Mari Mariappan,User
shanmuga_vel,Shanmuga Vel,User
tanishq_vasanth,Tanishq Vasanth,User
xyz_abc,Xyz Abc,User
baskaran_lakshmanan,Baskaran Lakshmanan,User
haji_home_colletion,Haji Home Colletion,User
muthu_kumar,Muthu Kumar,User
natarajan_raman,Natarajan Raman,User
salamon_raja,Salamon Raja,User
akhil_das,Akhil Das,User
aswin,Aswin,User
rahul_hari,Rahul Hari,User
raji_ramya,Raji Ramya,User
arun_unni,Arun Unni,User
kathiresan_murugan,Kathiresan Murugan,User
kilakarai_foodie_javitheats,Kilakarai Foodie Javitheats,User
ramanan,Ramanan,User
a_v_bhaskar,A V Bhaskar,User
arun_suresh_n,Arun Suresh N,User
inba_ganesh,Inba Ganesh,User
purushothaman_nandagopalan,Purushothaman Nandagopalan,User
sivanesan_siva,Sivanesan Siva,User
iyyappan_h,Iyyappan H,User
mass_vijay,Mass Vijay,User
rajaessaky,Rajaessaky,User
shamngasundaram,Shamngasundaram,User
thirumalai_ramanujam,Thirumalai Ramanujam,User
santhana_pandi,Santhana Pandi,User
vj_saba,Vj Saba,User
arun_rajan,Arun Rajan,User
joseph_john_thoppil,Joseph John Thoppil,User
shimnith_m,Shimnith M,User
sinu_mamachen,Sinu Mamachen,User
muthukrishnan_dawson,Muthukrishnan Dawson,User
raja_lakshmi,Raja Lakshmi,User
rama_chandran,Rama Chandran,User
sankaralingam_v,Sankaralingam V,User
v_s__keerthana,V S  Keerthana,User
bharath_siva,Bharath Siva,User
karthikeyan_sundararaj,Karthikeyan Sundararaj,User
madhusudhanan__j,Madhusudhanan  J,User
selva,Selva,User
venkatesh_a,Venkatesh A,User
amy_seb,Amy Seb,User
peter_john,Peter John,User
rahla_sherin_pv,Rahla Sherin Pv,User
rejimon_a_r,Rejimon A R,User
syam_kumar,Syam Kumar,User
athi_narayanan,Athi Narayanan,User
barani_selvam,Barani Selvam,User
john_luther,John Luther,User
neshdi_dth,Neshdi Dth,User
suthan_bala,Suthan Bala,User
gold_prabhu,Gold Prabhu,User
jeya_balaji,Jeya Balaji,User
ramajeyam_ramajeyam,Ramajeyam Ramajeyam,User
sivalingaraja_kaliappan,Sivalingaraja Kaliappan,User
thavasikumar_c,Thavasikumar C,User
asr_360,Asr 360,User
m_chittrarul,M Chittrarul,User
rider_47,Rider 47,User
vigneshkumar_sivakumar,Vigneshkumar Sivakumar,User
dinesh_s,Dinesh S,User
hari_anu,Hari Anu,User
premkumar_jeri,Premkumar Jeri,User
raji_karuthapandi,Raji Karuthapandi,User
yazhini_kumar,Yazhini Kumar,User
deva_pavi,Deva Pavi,User
future_tricks2_0,Future Tricks2 0,User
muhammed_salih_ahamed_athaullah,Muhammed Salih Ahamed Athaullah,User
dhanasekar_manickam,Dhanasekar Manickam,User
muthu_krishnan_shanmugam,Muthu Krishnan Shanmugam,User
ponraj_subbiah,Ponraj Subbiah,User
santhosh_s,Santhosh S,User
senthil_nath,Senthil Nath,User
arun_a,Arun A,User
dinesh_kowsalya,Dinesh Kowsalya,User
esai_kannan,Esai Kannan,User
gødwin_møses,Gødwin Møses,User
jim_carter,Jim Carter,User
arun_sankar,Arun Sankar,User
balan,Balan,User
paulraj__vinayaka_transport,Paulraj  Vinayaka Transport,User
sathish_kumar_nksak,Sathish Kumar Nksak,User
sujith_kumar,Sujith Kumar,User
mari_selvam,Mari Selvam,User
mohamed_ashik_ali,Mohamed Ashik Ali,User
mohamed_farook,Mohamed Farook,User
naushad_yunus,Naushad Yunus,User
trisha_tmg,Trisha Tmg,User
gilbert_raj,Gilbert Raj,User
iyappan_n,Iyappan N,User
rj_rocky_jes__nellai_rocky,Rj Rocky Jes  Nellai Rocky,User
seshadri_varadarajan,Seshadri Varadarajan,User
zee_tamil_vignesh__a_vicky,Zee Tamil Vignesh  A Vicky,User
anish_g,Anish G,User
anto_anto,Anto Anto,User
m_ramesh,M Ramesh,User
madhavan,Madhavan,User
muthukalaivani_arumugasamy__seenukalai,Muthukalaivani Arumugasamy  Seenukalai,User
achuthan_ravi,Achuthan Ravi,User
arun_kumar,Arun Kumar,User
athul_sindhu,Athul Sindhu,User
mano_micheal,Mano Micheal,User
mr_vino__universal_kid,Mr Vino  Universal Kid,User
arun_sagar,Arun Sagar,User
rajeshrs_raj,Rajeshrs Raj,User
shabna_b,Shabna B,User
svk_venkat,Svk Venkat,User
we_make_the_impossible_things,We Make The Impossible Things,User
charmathurai_s,Charmathurai S,User
prince_p_m,Prince P M,User
sai_kumar,Sai Kumar,User
satish_dhanaraj,Satish Dhanaraj,User
ananda_kumar,Ananda Kumar,User
ashok_shasan,Ashok Shasan,User
mohamed_risvi,Mohamed Risvi,User
ratharaj_a,Ratharaj A,User
vj_vicky,Vj Vicky,User
akshay_s_kumar,Akshay S Kumar,User
rahul_krishna_h,Rahul Krishna H,User
shihabudeen_k,Shihabudeen K,User
the_em_cube,The Em Cube,User
vellai_samy,Vellai Samy,User
john_pennycuick,John Pennycuick,User
mariappan_p,Mariappan P,User
s_m_t_selvan_nadar____tamiley,S M T Selvan Nadar    Tamiley,User
vishnu_s,Vishnu S,User
wasim_akram,Wasim Akram,User
rmuthuvel_ramaiah,Rmuthuvel Ramaiah,User
sara_beevi,Sara Beevi,User
sathish_krishnan,Sathish Krishnan,User
vr_status_creations,Vr Status Creations,User
arunraj,Arunraj,User
axe_xerxes,Axe Xerxes,User
dhisho_r_s,Dhisho R S,User
fabin_thomas,Fabin Thomas,User
mr_tamil_n_72,Mr Tamil N 72,User
antony_stephen,Antony Stephen,User
ramakumar_ulaganathan,Ramakumar Ulaganathan,User
vinoth_raja_k,Vinoth Raja K,User
benenet_y,Benenet Y,User
ms_home,Ms Home,User
siva_das,Siva Das,User
unnikuttan_a,Unnikuttan A,User
ĸarυppaѕaмy_g,ĸarυppaѕaмy G,User
aibin_hawkz,Aibin Hawkz,User
aravindan_sankaranarayanan,Aravindan Sankaranarayanan,User
dd,Dd,User
giftson_david,Giftson David,User
afzal,Afzal,User
kumar,Kumar,User
patta_varayan,Patta Varayan,User
த_ன_ப_ண_ட__தம_ழன__சரவணன,த ன ப ண ட  தம ழன  சரவணன,User
bhagavathi_raja_bagavathi,Bhagavathi Raja Bagavathi,User
prem_raj,Prem Raj,User
saqlain_mushtaq,Saqlain Mushtaq,User
vk_ohmprakash,Vk Ohmprakash,User
hari_popzboy,Hari Popzboy,User
prajin_p,Prajin P,User
s_k,S K,User
siva_ram,Siva Ram,User
tn76_traveler,Tn76 Traveler,User
jj_ravichandran,Jj Ravichandran,User
madhavi_murugan,Madhavi Murugan,User
mani_m,Mani M,User
siva_kumar,Siva Kumar,User
vignesh_raj__vicky,Vignesh Raj  Vicky,User
bharathi,Bharathi,User
dhanalakshmi_dhanalakshmi,Dhanalakshmi Dhanalakshmi,User
fj,Fj,User
karpagavalli_karpagavalli,Karpagavalli Karpagavalli,User
sivarajalngam_nivi_s,Sivarajalngam Nivi S,User
m_krishna,M Krishna,User
mabhu_k,Mabhu K,User
ramesh_ram_ram,Ramesh Ram Ram,User
abishek_ragland,Abishek Ragland,User
krithika_s,Krithika S,User
sivakumar,Sivakumar,User
vinod__b,Vinod  B,User
chinna_samy,Chinna Samy,User
mari_mari,Mari Mari,User
premam_mani_str,Premam Mani Str,User
r_palpandi,R Palpandi,User
senthil_kumar_m,Senthil Kumar M,User
arikrishnan_v,Arikrishnan V,User
balaji_a,Balaji A,User
boomija_m,Boomija M,User
mathavan_is_saru_studio_tmpm,Mathavan Is Saru Studio Tmpm,User
paramasivan_samuthiram,Paramasivan Samuthiram,User
jebaraj,Jebaraj,User
muthu_krishnan,Muthu Krishnan,User
poco_x3,Poco X3,User
seenivasan_t,Seenivasan T,User
suresh_kumar,Suresh Kumar,User
abdul_kader_a_thahir,Abdul Kader A Thahir,User
rajan_m,Rajan M,User
syed_sulaiman,Syed Sulaiman,User
ukkasim_shahulhajira,Ukkasim Shahulhajira,User
ayya_thurai,Ayya Thurai,User
dùráī_màddy,Dùráī Màddy,User
krishnakumar_r,Krishnakumar R,User
skf_tech_gurus,Skf Tech Gurus,User
ashokkumar_s,Ashokkumar S,User
balaji__k,Balaji  K,User
leo_forsyth,Leo Forsyth,User
ssangyong_n111,Ssangyong N111,User
vijaya,Vijaya,User
m_siva_subramanian,M Siva Subramanian,User
mathan__m,Mathan  M,User
mukesh_kumar,Mukesh Kumar,User
sathish_kumar,Sathish Kumar,User
ambrose_jesuraj,Ambrose Jesuraj,User
govindharajan_sahadevan,Govindharajan Sahadevan,User
murugan_c,Murugan C,User
sivaraj_tks,Sivaraj Tks,User
balamurugan_asb,Balamurugan Asb,User
megaraj_a,Megaraj A,User
s_m,S M,User
southindian_traveller,Southindian Traveller,User
anu_jayaraj,Anu Jayaraj,User
iii_surya_raman,Iii Surya Raman,User
jaba_singraj__vidiyal_medical_mission,Jaba Singraj  Vidiyal Medical Mission,User
raman_s,Raman S,User
renius_renius,Renius Renius,User
kali_pandi,Kali Pandi,User
manikandan,Manikandan,User
raja_a,Raja A,User
ramkumar_annakili,Ramkumar Annakili,User
nellai_naygam,Nellai Naygam,User
selvamani_mani,Selvamani Mani,User
sivasubramanian_g,Sivasubramanian G,User
byju_bikebyju,Byju Bikebyju,User
sivasubramanian_thoothukudi,Sivasubramanian Thoothukudi,User
thirumalai_kumar,Thirumalai Kumar,User
vignesh_hari,Vignesh Hari,User
villu_vicky,Villu Vicky,User
adv_deepi_ashok,Adv Deepi Ashok,User
g_p_suresh_gopal_cabs_ngl,G P Suresh Gopal Cabs Ngl,User
rajiv_kumar_velsamy,Rajiv Kumar Velsamy,User
a_a_mohamed_arsath,A A Mohamed Arsath,User
arun_das_a_h,Arun Das A H,User
faris_ns_9317,Faris Ns 9317,User
praveen_kumar,Praveen Kumar,User
shahul_hameed,Shahul Hameed,User
abdul_rasith,Abdul Rasith,User
husain_abu_hunaid,Husain Abu Hunaid,User
malik_m,Malik M,User
mohammed_saleem,Mohammed Saleem,User
miracle_thivan__shabih,Miracle Thivan  Shabih,User
mohammed_mustapha,Mohammed Mustapha,User
sabi_raja,Sabi Raja,User
sumathi_ramesh,Sumathi Ramesh,User
imjose,Imjose,User
karpooraraj,Karpooraraj,User
muhamad_fayaz,Muhamad Fayaz,User
sriram,Sriram,User
your_thoughts,Your Thoughts,User
indira_prathap,Indira Prathap,User
sathiyaseelan_smt,Sathiyaseelan Smt,User
srimathi_durai,Srimathi Durai,User
ameer_sulthan,Ameer Sulthan,User
ananthi_chela,Ananthi Chela,User
ismail_ahamed_m,Ismail Ahamed M,User
rizwan_hussain_mohammed,Rizwan Hussain Mohammed,User
sudhan_murugan,Sudhan Murugan,User
kathirvan_s,Kathirvan S,User
p_r_a_k_a_s_h,P R A K A S H,User
pon_raja,Pon Raja,User
ramesh_arun_selvan,Ramesh Arun Selvan,User
sreejith_sr,Sreejith Sr,User
jayaprabha_jayaprakash,Jayaprabha Jayaprakash,User
joshy_chakravarthy,Joshy Chakravarthy,User
thandabani_rs,Thandabani Rs,User
vinoth,Vinoth,User
xavier_j,Xavier J,User
karutha_pandi,Karutha Pandi,User
raj_kumar,Raj Kumar,User
s_palani_chamy,S Palani Chamy,User
selvam_ponmani,Selvam Ponmani,User
vel_kumar,Vel Kumar,User
pan_card,Pan Card,User
rathnam_selva,Rathnam Selva,User
rj_vignesh,Rj Vignesh,User
siva_dev,Siva Dev,User
ss_0307,Ss 0307,User
hari_suthanan_r,Hari Suthanan R,User
rajkumar_kaliappan,Rajkumar Kaliappan,User
sabarikanth_jeyam,Sabarikanth Jeyam,User
sk_rajesh,Sk Rajesh,User
venkada_ramanan_m,Venkada Ramanan M,User
ak_cammander,Ak Cammander,User
antharved_pasalapudi,Antharved Pasalapudi,User
priya_cn,Priya Cn,User
rajan_sukumaran,Rajan Sukumaran,User
suresh_garin,Suresh Garin,User
manoj_ajithkumar_manoj_ajithkumar,Manoj Ajithkumar Manoj Ajithkumar,User
raja_raja,Raja Raja,User
ullas_s,Ullas S,User
க_ணச_கரன__வ_வச_ய,க ணச கரன  வ வச ய,User
